global_index,original_excel_row,ma_phong_ban_1,ten_phong_ban_1,kinh_do_1,vi_do_1,ma_phong_ban_2,ten_phong_ban_2,kinh_do_2,vi_do_2,khoang_cach_chim_bay,tinh_thanh,PART_ID,row_in_part,Khoảng cách đường bộ,source_output_file,source_kind,crawl_status
18502,18504,64000000,CN Bình Dương,106.6670338,10.982933,88033000,PGD Côn Đảo,106.6089687,8.6832379,255.79389094636,TP. Hồ Chí Minh,186,2,Không tìm thấy,part/output_part_911/ket_qua_tu_0_den_99.xlsx,retry_output,not_found_or_error
18640,18642,64030000,PGD Lái Thiêu,106.7037247,10.9113847,88033000,PGD Côn Đảo,106.6089687,8.6832379,247.976389548316,TP. Hồ Chí Minh,187,40,Không tìm thấy,part/df_part_912.pkl,retry_pkl_manual_or_prefilled,not_found_or_error
20100,20102,88033000,PGD Côn Đảo,106.6089687,8.6832379,90032000,PGD Trường Sơn,106.6641996,10.8051895,236.0281917971901,TP. Hồ Chí Minh,202,0,Không tìm thấy,part/df_part_912.pkl,retry_pkl_manual_or_prefilled,not_found_or_error
20101,20103,88033000,PGD Côn Đảo,106.6089687,8.6832379,90037000,PGD Thành Thái,106.664006,10.7750228,232.6743785377157,TP. Hồ Chí Minh,202,1,Không tìm thấy,part/df_part_912.pkl,retry_pkl_manual_or_prefilled,not_found_or_error
20102,20104,88033000,PGD Côn Đảo,106.6089687,8.6832379,90039000,PGD An Đông,106.6728395,10.7574677,230.7503409879967,TP. Hồ Chí Minh,202,2,Không tìm thấy,part/df_part_912.pkl,retry_pkl_manual_or_prefilled,not_found_or_error
20103,20105,88033000,PGD Côn Đảo,106.6089687,8.6832379,90042000,PGD Hiệp Bình Phước,106.7247173,10.8631262,242.724444110778,TP. Hồ Chí Minh,202,3,Không tìm thấy,part/df_part_912.pkl,retry_pkl_manual_or_prefilled,not_found_or_error
20104,20106,88033000,PGD Côn Đảo,106.6089687,8.6832379,90043000,PGD Đinh Tiên Hoàng,106.6958903,10.7915621,234.6287142629182,TP. Hồ Chí Minh,202,4,Không tìm thấy,part/df_part_912.pkl,retry_pkl_manual_or_prefilled,not_found_or_error
20105,20107,88033000,PGD Côn Đảo,106.6089687,8.6832379,90100000,CN Đông Thành phố Hồ Chí Minh,106.7458566,10.8818676,244.9364748608153,TP. Hồ Chí Minh,202,5,Không tìm thấy,part/df_part_912.pkl,retry_pkl_manual_or_prefilled,not_found_or_error
20106,20108,88033000,PGD Côn Đảo,106.6089687,8.6832379,90130000,PGD An Phú,106.7423901,10.9494629,252.4166806682699,TP. Hồ Chí Minh,202,6,Không tìm thấy,part/df_part_912.pkl,retry_pkl_manual_or_prefilled,not_found_or_error
20107,20109,88033000,PGD Côn Đảo,106.6089687,8.6832379,90131000,PGD Thuận An,106.7161132,10.9005291,246.8312050384652,TP. Hồ Chí Minh,202,7,Không tìm thấy,part/df_part_912.pkl,retry_pkl_manual_or_prefilled,not_found_or_error
20108,20110,88033000,PGD Côn Đảo,106.6089687,8.6832379,90132000,PGD Thủ Dầu Một,106.6717412,10.9751902,254.9465887339378,TP. Hồ Chí Minh,202,8,Không tìm thấy,part/df_part_912.pkl,retry_pkl_manual_or_prefilled,not_found_or_error
20109,20111,88033000,PGD Côn Đảo,106.6089687,8.6832379,90133000,PGD An Bình,106.7684689,10.894937,246.5502230046704,TP. Hồ Chí Minh,202,9,Không tìm thấy,part/df_part_912.pkl,retry_pkl_manual_or_prefilled,not_found_or_error
20110,20112,88033000,PGD Côn Đảo,106.6089687,8.6832379,90134000,PGD Đồng An,106.6795064,11.0474348,263.0005948479221,TP. Hồ Chí Minh,202,10,Không tìm thấy,part/df_part_912.pkl,retry_pkl_manual_or_prefilled,not_found_or_error
20111,20113,88033000,PGD Côn Đảo,106.6089687,8.6832379,90135000,PGD Thuận Giao,106.7227778,10.9482778,252.1697520725499,TP. Hồ Chí Minh,202,11,Không tìm thấy,part/df_part_912.pkl,retry_pkl_manual_or_prefilled,not_found_or_error
20112,20114,88033000,PGD Côn Đảo,106.6089687,8.6832379,90136000,PGD Đông Hòa,106.7898486,10.8924574,246.4525136040407,TP. Hồ Chí Minh,202,12,Không tìm thấy,part/df_part_912.pkl,retry_pkl_manual_or_prefilled,not_found_or_error
20113,20115,88033000,PGD Côn Đảo,106.6089687,8.6832379,90137000,PGD Long Bình,106.8237366,10.8413876,241.1268189248531,TP. Hồ Chí Minh,202,13,Không tìm thấy,part/df_part_912.pkl,retry_pkl_manual_or_prefilled,not_found_or_error
20114,20116,88033000,PGD Côn Đảo,106.6089687,8.6832379,90200000,CN 1 Thành phố Hồ Chí Minh,106.701474,10.7706429,232.3304481568336,TP. Hồ Chí Minh,202,14,Không tìm thấy,part/df_part_912.pkl,retry_pkl_manual_or_prefilled,not_found_or_error
20115,20117,88033000,PGD Côn Đảo,106.6089687,8.6832379,90233000,PGD Sala,106.7243851,10.769637,232.3418576707121,TP. Hồ Chí Minh,202,15,Không tìm thấy,part/output_part_912/ket_qua_tu_0_den_99.xlsx,retry_output,not_found_or_error
20116,20118,88033000,PGD Côn Đảo,106.6089687,8.6832379,90235000,PGD Trần Hưng Đạo,106.6935312,10.7656379,231.7380097435666,TP. Hồ Chí Minh,202,16,Không tìm thấy,part/output_part_912/ket_qua_tu_0_den_99.xlsx,retry_output,not_found_or_error
20117,20119,88033000,PGD Côn Đảo,106.6089687,8.6832379,90236000,PGD Đakao,106.6972065,10.7927265,234.7639791558651,TP. Hồ Chí Minh,202,17,Không tìm thấy,part/output_part_912/ket_qua_tu_0_den_99.xlsx,retry_output,not_found_or_error
20118,20120,88033000,PGD Côn Đảo,106.6089687,8.6832379,90237000,PGD Gò Dầu,106.626816,10.795744,234.9084272927194,TP. Hồ Chí Minh,202,18,Không tìm thấy,part/output_part_912/ket_qua_tu_0_den_99.xlsx,retry_output,not_found_or_error
20119,20121,88033000,PGD Côn Đảo,106.6089687,8.6832379,90300000,CN Thủ Thiêm,106.7293726,10.7875464,234.3604845263057,TP. Hồ Chí Minh,202,19,Không tìm thấy,part/output_part_912/ket_qua_tu_0_den_99.xlsx,retry_output,not_found_or_error
20120,20122,88033000,PGD Côn Đảo,106.6089687,8.6832379,90330000,PGD An Phú,106.7385273,10.7978598,235.5637981599297,TP. Hồ Chí Minh,202,20,Không tìm thấy,part/output_part_912/ket_qua_tu_0_den_99.xlsx,retry_output,not_found_or_error
20121,20123,88033000,PGD Côn Đảo,106.6089687,8.6832379,90331000,PGD Bình Trưng Tây,106.7566664,10.788686,234.6743091182723,TP. Hồ Chí Minh,202,21,Không tìm thấy,part/output_part_912/ket_qua_tu_0_den_99.xlsx,retry_output,not_found_or_error
20122,20124,88033000,PGD Côn Đảo,106.6089687,8.6832379,90332000,PGD Thảo Điền,106.7360342,10.8052701,236.370032917323,TP. Hồ Chí Minh,202,22,Không tìm thấy,part/output_part_912/ket_qua_tu_0_den_99.xlsx,retry_output,not_found_or_error
20123,20125,88033000,PGD Côn Đảo,106.6089687,8.6832379,90333000,PGD Vạn Phúc,106.7136198,10.8438678,240.5249337293275,TP. Hồ Chí Minh,202,23,Không tìm thấy,part/output_part_912/ket_qua_tu_0_den_99.xlsx,retry_output,not_found_or_error
20124,20126,88033000,PGD Côn Đảo,106.6089687,8.6832379,90334000,PGD Vinhomes Tân Cảng,106.7210417,10.7941608,235.0453312955479,TP. Hồ Chí Minh,202,24,Không tìm thấy,part/output_part_912/ket_qua_tu_0_den_99.xlsx,retry_output,not_found_or_error
20125,20127,88033000,PGD Côn Đảo,106.6089687,8.6832379,90400000,CN 2 Thành phố Hồ Chí Minh,106.682211,10.7959893,235.0646308608285,TP. Hồ Chí Minh,202,25,Không tìm thấy,part/output_part_912/ket_qua_tu_0_den_99.xlsx,retry_output,not_found_or_error
20126,20128,88033000,PGD Côn Đảo,106.6089687,8.6832379,90431000,PGD Phú Nhuận,106.680485,10.799081,235.4018382220236,TP. Hồ Chí Minh,202,26,Không tìm thấy,part/output_part_912/ket_qua_tu_0_den_99.xlsx,retry_output,not_found_or_error
20127,20129,88033000,PGD Côn Đảo,106.6089687,8.6832379,90433000,PGD Nguyễn Văn Lượng,106.6676389,10.8384167,239.7314995749209,TP. Hồ Chí Minh,202,27,Không tìm thấy,part/output_part_912/ket_qua_tu_0_den_99.xlsx,retry_output,not_found_or_error
20128,20130,88033000,PGD Côn Đảo,106.6089687,8.6832379,90434000,PGD Thái Sơn,106.687313,10.824671,238.2715367022018,TP. Hồ Chí Minh,202,28,Không tìm thấy,part/output_part_912/ket_qua_tu_0_den_99.xlsx,retry_output,not_found_or_error
20129,20131,88033000,PGD Côn Đảo,106.6089687,8.6832379,90600000,CN 3 Thành phố Hồ Chí Minh,106.6819475,10.7697554,232.148287289621,TP. Hồ Chí Minh,202,29,Không tìm thấy,part/output_part_912/ket_qua_tu_0_den_99.xlsx,retry_output,not_found_or_error
20130,20132,88033000,PGD Côn Đảo,106.6089687,8.6832379,90630000,PGD Ba Tháng Hai,106.6689899,10.7688156,231.9992458410227,TP. Hồ Chí Minh,202,30,Không tìm thấy,part/output_part_912/ket_qua_tu_0_den_99.xlsx,retry_output,not_found_or_error
20131,20133,88033000,PGD Côn Đảo,106.6089687,8.6832379,90632000,PGD Vườn Chuối,106.6839927,10.7723266,232.4418414938288,TP. Hồ Chí Minh,202,31,Không tìm thấy,part/output_part_912/ket_qua_tu_0_den_99.xlsx,retry_output,not_found_or_error
20132,20134,88033000,PGD Côn Đảo,106.6089687,8.6832379,90635000,PGD Đô Thành,106.6756618,10.7892362,234.2906746351167,TP. Hồ Chí Minh,202,32,Không tìm thấy,part/output_part_912/ket_qua_tu_0_den_99.xlsx,retry_output,not_found_or_error
20133,20135,88033000,PGD Côn Đảo,106.6089687,8.6832379,90636000,PGD Hai Bà Trưng,106.6904219,10.7893918,234.3639989803051,TP. Hồ Chí Minh,202,33,Không tìm thấy,part/output_part_912/ket_qua_tu_0_den_99.xlsx,retry_output,not_found_or_error
20134,20136,88033000,PGD Côn Đảo,106.6089687,8.6832379,90800000,CN 4 Thành phố Hồ Chí Minh,106.7025623,10.7659462,231.8139465650873,TP. Hồ Chí Minh,202,34,Không tìm thấy,part/output_part_912/ket_qua_tu_0_den_99.xlsx,retry_output,not_found_or_error
20135,20137,88033000,PGD Côn Đảo,106.6089687,8.6832379,90830000,PGD KCX Tân Thuận,106.7306059,10.736381,228.688292116384,TP. Hồ Chí Minh,202,35,Không tìm thấy,part/output_part_912/ket_qua_tu_0_den_99.xlsx,retry_output,not_found_or_error
20136,20138,88033000,PGD Côn Đảo,106.6089687,8.6832379,90831000,PGD Bến Vân Đồn,106.6936118,10.7582238,230.9146190807298,TP. Hồ Chí Minh,202,36,Không tìm thấy,part/output_part_912/ket_qua_tu_0_den_99.xlsx,retry_output,not_found_or_error
20137,20139,88033000,PGD Côn Đảo,106.6089687,8.6832379,90834000,PGD Văn Thánh,106.7142617,10.8017978,235.8558492280008,TP. Hồ Chí Minh,202,37,Không tìm thấy,part/output_part_202/ket_qua_tu_0_den_99.xlsx,original_output,not_found_or_error
20138,20140,88033000,PGD Côn Đảo,106.6089687,8.6832379,90835000,PGD Phan Văn Trị,106.6918736,10.8242225,238.2402319403038,TP. Hồ Chí Minh,202,38,Không tìm thấy,part/output_part_202/ket_qua_tu_0_den_99.xlsx,original_output,not_found_or_error
20139,20141,88033000,PGD Côn Đảo,106.6089687,8.6832379,90836000,PGD Nguyễn Lương Bằng,106.7284493,10.7174433,226.5723665728129,TP. Hồ Chí Minh,202,39,Không tìm thấy,part/output_part_202/ket_qua_tu_0_den_99.xlsx,original_output,not_found_or_error
20199,20201,88033000,PGD Côn Đảo,106.6089687,8.6832379,94433000,PGD Phan Huy Ích,106.6323083,10.828896,238.6003321696291,TP. Hồ Chí Minh,202,99,Không tìm thấy,part/output_part_202/ket_qua_tu_0_den_99.xlsx,original_output,not_found_or_error
20200,20202,88033000,PGD Côn Đảo,106.6089687,8.6832379,94434000,PGD Phan Văn Hớn,106.6173015,10.8288293,238.5809552240463,TP. Hồ Chí Minh,203,0,Không tìm thấy,part/output_part_203/ket_qua_tu_0_den_99.xlsx,original_output,not_found_or_error
20201,20203,88033000,PGD Côn Đảo,106.6089687,8.6832379,94436000,PGD Lê Trọng Tấn,106.609662,10.8119453,236.7018023293216,TP. Hồ Chí Minh,203,1,Không tìm thấy,part/output_part_203/ket_qua_tu_0_den_99.xlsx,original_output,not_found_or_error
20202,20204,88033000,PGD Côn Đảo,106.6089687,8.6832379,94500000,CN Tân Bình,106.6531502,10.8010574,235.5408750176468,TP. Hồ Chí Minh,203,2,Không tìm thấy,part/output_part_203/ket_qua_tu_0_den_99.xlsx,original_output,not_found_or_error
20203,20205,88033000,PGD Côn Đảo,106.6089687,8.6832379,94530000,PGD Chợ Tân Bình,106.653496,10.7869763,233.9762484445406,TP. Hồ Chí Minh,203,3,Không tìm thấy,part/output_part_203/ket_qua_tu_0_den_99.xlsx,original_output,not_found_or_error
20204,20206,88033000,PGD Côn Đảo,106.6089687,8.6832379,94531000,PGD Hóc Môn,106.5932327,10.8876665,245.1276789825985,TP. Hồ Chí Minh,203,4,Không tìm thấy,part/output_part_203/ket_qua_tu_0_den_99.xlsx,original_output,not_found_or_error
20205,20207,88033000,PGD Côn Đảo,106.6089687,8.6832379,94532000,PGD Bàu Cát,106.640501,10.792999,234.6205025870578,TP. Hồ Chí Minh,203,5,Không tìm thấy,part/output_part_203/ket_qua_tu_0_den_99.xlsx,original_output,not_found_or_error
20206,20208,88033000,PGD Côn Đảo,106.6089687,8.6832379,94534000,PGD Lê Văn Sỹ,106.664652,10.796715,235.0874638685762,TP. Hồ Chí Minh,203,6,Không tìm thấy,part/output_part_203/ket_qua_tu_0_den_99.xlsx,original_output,not_found_or_error
20207,20209,88033000,PGD Côn Đảo,106.6089687,8.6832379,94600000,CN Đông Sài Gòn,106.771314,10.8465447,241.2059621735975,TP. Hồ Chí Minh,203,7,Không tìm thấy,part/output_part_203/ket_qua_tu_0_den_99.xlsx,original_output,not_found_or_error
20208,20210,88033000,PGD Côn Đảo,106.6089687,8.6832379,94630000,PGD Tô Ngọc Vân,106.7487842,10.8588784,242.4051331398298,TP. Hồ Chí Minh,203,8,Không tìm thấy,part/output_part_203/ket_qua_tu_0_den_99.xlsx,original_output,not_found_or_error
20209,20211,88033000,PGD Côn Đảo,106.6089687,8.6832379,94631000,PGD Nguyễn Duy Trinh,106.7743632,10.7885566,234.8016922776954,TP. Hồ Chí Minh,203,9,Không tìm thấy,part/output_part_203/ket_qua_tu_0_den_99.xlsx,original_output,not_found_or_error
20210,20212,88033000,PGD Côn Đảo,106.6089687,8.6832379,94632000,PGD Lê Văn Việt,106.7866377,10.8453187,241.1997322804607,TP. Hồ Chí Minh,203,10,Không tìm thấy,part/output_part_203/ket_qua_tu_0_den_99.xlsx,original_output,not_found_or_error
20211,20213,88033000,PGD Côn Đảo,106.6089687,8.6832379,94633000,PGD Đỗ Xuân Hợp,106.7687958,10.8279369,239.1222191611302,TP. Hồ Chí Minh,203,11,Không tìm thấy,part/output_part_203/ket_qua_tu_0_den_99.xlsx,original_output,not_found_or_error
20212,20214,88033000,PGD Côn Đảo,106.6089687,8.6832379,94700000,CN Thủ Đức,106.7575507,10.8576366,242.3299704377163,TP. Hồ Chí Minh,203,12,Không tìm thấy,part/output_part_203/ket_qua_tu_0_den_99.xlsx,original_output,not_found_or_error
20213,20215,88033000,PGD Côn Đảo,106.6089687,8.6832379,94730000,PGD Hiệp Phú,106.7819475,10.8443244,241.0485769160416,TP. Hồ Chí Minh,203,13,Không tìm thấy,part/output_part_203/ket_qua_tu_0_den_99.xlsx,original_output,not_found_or_error
20214,20216,88033000,PGD Côn Đảo,106.6089687,8.6832379,94731000,PGD METRO,106.7414503,10.8007134,235.9000211100513,TP. Hồ Chí Minh,203,14,Không tìm thấy,part/output_part_203/ket_qua_tu_0_den_99.xlsx,original_output,not_found_or_error
20215,20217,88033000,PGD Côn Đảo,106.6089687,8.6832379,94733000,PGD Võ Văn Ngân,106.7723024,10.8518047,241.7972409864103,TP. Hồ Chí Minh,203,15,Không tìm thấy,part/output_part_203/ket_qua_tu_0_den_99.xlsx,original_output,not_found_or_error
20216,20218,88033000,PGD Côn Đảo,106.6089687,8.6832379,94800000,CN Bắc Sài Gòn,106.4923825,10.9717465,254.791244705196,TP. Hồ Chí Minh,203,16,Không tìm thấy,part/output_part_203/ket_qua_tu_0_den_99.xlsx,original_output,not_found_or_error
20217,20219,88033000,PGD Côn Đảo,106.6089687,8.6832379,94830000,PGD Thuận Hưng,106.6060609,10.8567192,241.6806375700973,TP. Hồ Chí Minh,203,17,Không tìm thấy,part/output_part_203/ket_qua_tu_0_den_99.xlsx,original_output,not_found_or_error
20218,20220,88033000,PGD Côn Đảo,106.6089687,8.6832379,94831000,PGD Phú Hưng,106.6699129,10.7999104,235.4583033901569,TP. Hồ Chí Minh,203,18,Không tìm thấy,part/output_part_203/ket_qua_tu_0_den_99.xlsx,original_output,not_found_or_error
20219,20221,88033000,PGD Côn Đảo,106.6089687,8.6832379,94835000,PGD Quang Trung,106.6408893,10.8439372,240.2845916210985,TP. Hồ Chí Minh,203,19,Không tìm thấy,part/output_part_203/ket_qua_tu_0_den_99.xlsx,original_output,not_found_or_error
20220,20222,88034000,PGD Bà Rịa,107.1768403,10.4877553,88038000,PGD Long Điền,107.2164178,10.4169245,8.986755392998779,TP. Hồ Chí Minh,203,20,Không tìm thấy,part/output_part_203/ket_qua_tu_0_den_99.xlsx,original_output,not_found_or_error
20221,20223,88034000,PGD Bà Rịa,107.1768403,10.4877553,88039000,PGD Châu Đức,107.2451534,10.6454008,19.05361087229608,TP. Hồ Chí Minh,203,21,Không tìm thấy,part/output_part_203/ket_qua_tu_0_den_99.xlsx,original_output,not_found_or_error
20222,20224,88034000,PGD Bà Rịa,107.1768403,10.4877553,88040000,PGD Tân Thành,107.05434,10.6022139,18.47462050876698,TP. Hồ Chí Minh,203,22,Không tìm thấy,part/output_part_203/ket_qua_tu_0_den_99.xlsx,original_output,not_found_or_error
20223,20225,88034000,PGD Bà Rịa,107.1768403,10.4877553,88041000,PGD Xuyên Mộc,107.4095097,10.5384199,26.05376844897196,TP. Hồ Chí Minh,203,23,Không tìm thấy,part/output_part_203/ket_qua_tu_0_den_99.xlsx,original_output,not_found_or_error
20224,20226,88034000,PGD Bà Rịa,107.1768403,10.4877553,90000000,CN Thành phố Hồ Chí Minh,106.7033737,10.7705105,60.54710633969757,TP. Hồ Chí Minh,203,24,Không tìm thấy,part/output_part_203/ket_qua_tu_0_den_99.xlsx,original_output,not_found_or_error
20225,20227,88034000,PGD Bà Rịa,107.1768403,10.4877553,90030000,PGD Bến Thành,106.6975114,10.7719804,61.17969801789869,TP. Hồ Chí Minh,203,25,Không tìm thấy,part/output_part_203/ket_qua_tu_0_den_99.xlsx,original_output,not_found_or_error
20226,20228,88034000,PGD Bà Rịa,107.1768403,10.4877553,90032000,PGD Trường Sơn,106.6641996,10.8051895,66.21424466220677,TP. Hồ Chí Minh,203,26,Không tìm thấy,part/output_part_203/ket_qua_tu_0_den_99.xlsx,original_output,not_found_or_error
20227,20229,88034000,PGD Bà Rịa,107.1768403,10.4877553,90037000,PGD Thành Thái,106.664006,10.7750228,64.5093852538006,TP. Hồ Chí Minh,203,27,Không tìm thấy,part/output_part_203/ket_qua_tu_0_den_99.xlsx,original_output,not_found_or_error
20228,20230,88034000,PGD Bà Rịa,107.1768403,10.4877553,90039000,PGD An Đông,106.6728395,10.7574677,62.71730739009547,TP. Hồ Chí Minh,203,28,Không tìm thấy,part/output_part_203/ket_qua_tu_0_den_99.xlsx,original_output,not_found_or_error
20229,20231,88034000,PGD Bà Rịa,107.1768403,10.4877553,90042000,PGD Hiệp Bình Phước,106.7247173,10.8631262,64.67530855083456,TP. Hồ Chí Minh,203,29,Không tìm thấy,part/output_part_203/ket_qua_tu_0_den_99.xlsx,original_output,not_found_or_error
20230,20232,88034000,PGD Bà Rịa,107.1768403,10.4877553,90043000,PGD Đinh Tiên Hoàng,106.6958903,10.7915621,62.47992675104467,TP. Hồ Chí Minh,203,30,Không tìm thấy,part/output_part_203/ket_qua_tu_0_den_99.xlsx,original_output,not_found_or_error
20231,20233,88034000,PGD Bà Rịa,107.1768403,10.4877553,90100000,CN Đông Thành phố Hồ Chí Minh,106.7458566,10.8818676,64.32858942517768,TP. Hồ Chí Minh,203,31,Không tìm thấy,part/output_part_203/ket_qua_tu_0_den_99.xlsx,original_output,not_found_or_error
20232,20234,88034000,PGD Bà Rịa,107.1768403,10.4877553,90130000,PGD An Phú,106.7423901,10.9494629,69.91959308013831,TP. Hồ Chí Minh,203,32,Không tìm thấy,part/output_part_203/ket_qua_tu_0_den_99.xlsx,original_output,not_found_or_error
20233,20235,88034000,PGD Bà Rịa,107.1768403,10.4877553,90131000,PGD Thuận An,106.7161132,10.9005291,68.12377234316368,TP. Hồ Chí Minh,203,33,Không tìm thấy,part/output_part_203/ket_qua_tu_0_den_99.xlsx,original_output,not_found_or_error
20234,20236,88034000,PGD Bà Rịa,107.1768403,10.4877553,90132000,PGD Thủ Dầu Một,106.6717412,10.9751902,77.34817061317274,TP. Hồ Chí Minh,203,34,Không tìm thấy,part/output_part_203/ket_qua_tu_0_den_99.xlsx,original_output,not_found_or_error
20235,20237,88034000,PGD Bà Rịa,107.1768403,10.4877553,90133000,PGD An Bình,106.7684689,10.894937,63.56855915575768,TP. Hồ Chí Minh,203,35,Không tìm thấy,part/output_part_203/ket_qua_tu_0_den_99.xlsx,original_output,not_found_or_error
20236,20238,88034000,PGD Bà Rịa,107.1768403,10.4877553,90134000,PGD Đồng An,106.6795064,11.0474348,82.61029980134239,TP. Hồ Chí Minh,203,36,Không tìm thấy,part/output_part_203/ket_qua_tu_0_den_99.xlsx,original_output,not_found_or_error
20237,20239,88034000,PGD Bà Rịa,107.1768403,10.4877553,90135000,PGD Thuận Giao,106.7227778,10.9482778,71.29691403360479,TP. Hồ Chí Minh,203,37,Không tìm thấy,part/output_part_203/ket_qua_tu_0_den_99.xlsx,original_output,not_found_or_error
20238,20240,88034000,PGD Bà Rịa,107.1768403,10.4877553,90136000,PGD Đông Hòa,106.7898486,10.8924574,61.75007150395596,TP. Hồ Chí Minh,203,38,Không tìm thấy,part/output_part_203/ket_qua_tu_0_den_99.xlsx,original_output,not_found_or_error
20239,20241,88034000,PGD Bà Rịa,107.1768403,10.4877553,90137000,PGD Long Bình,106.8237366,10.8413876,55.09125658171065,TP. Hồ Chí Minh,203,39,Không tìm thấy,part/output_part_203/ket_qua_tu_0_den_99.xlsx,original_output,not_found_or_error
20240,20242,88034000,PGD Bà Rịa,107.1768403,10.4877553,90200000,CN 1 Thành phố Hồ Chí Minh,106.701474,10.7706429,60.73224264494612,TP. Hồ Chí Minh,203,40,Không tìm thấy,part/output_part_203/ket_qua_tu_0_den_99.xlsx,original_output,not_found_or_error
20241,20243,88034000,PGD Bà Rịa,107.1768403,10.4877553,90233000,PGD Sala,106.7243851,10.769637,58.54483900220168,TP. Hồ Chí Minh,203,41,Không tìm thấy,part/output_part_203/ket_qua_tu_0_den_99.xlsx,original_output,not_found_or_error
20242,20244,88034000,PGD Bà Rịa,107.1768403,10.4877553,90235000,PGD Trần Hưng Đạo,106.6935312,10.7656379,61.19390897248497,TP. Hồ Chí Minh,203,42,Không tìm thấy,part/output_part_203/ket_qua_tu_0_den_99.xlsx,original_output,not_found_or_error
20243,20245,88034000,PGD Bà Rịa,107.1768403,10.4877553,90236000,PGD Đakao,106.6972065,10.7927265,62.42912581992051,TP. Hồ Chí Minh,203,43,Không tìm thấy,part/output_part_203/ket_qua_tu_0_den_99.xlsx,original_output,not_found_or_error
20244,20246,88034000,PGD Bà Rịa,107.1768403,10.4877553,90237000,PGD Gò Dầu,106.626816,10.795744,69.17961669595037,TP. Hồ Chí Minh,203,44,Không tìm thấy,part/output_part_203/ket_qua_tu_0_den_99.xlsx,original_output,not_found_or_error
20245,20247,88034000,PGD Bà Rịa,107.1768403,10.4877553,90300000,CN Thủ Thiêm,106.7293726,10.7875464,59.18237892009851,TP. Hồ Chí Minh,203,45,Không tìm thấy,part/output_part_203/ket_qua_tu_0_den_99.xlsx,original_output,not_found_or_error
20246,20248,88034000,PGD Bà Rịa,107.1768403,10.4877553,90330000,PGD An Phú,106.7385273,10.7978598,59.0203574552662,TP. Hồ Chí Minh,203,46,Không tìm thấy,part/output_part_203/ket_qua_tu_0_den_99.xlsx,original_output,not_found_or_error
20247,20249,88034000,PGD Bà Rịa,107.1768403,10.4877553,90331000,PGD Bình Trưng Tây,106.7566664,10.788686,56.8171266166254,TP. Hồ Chí Minh,203,47,Không tìm thấy,part/output_part_203/ket_qua_tu_0_den_99.xlsx,original_output,not_found_or_error
20248,20250,88034000,PGD Bà Rịa,107.1768403,10.4877553,90332000,PGD Thảo Điền,106.7360342,10.8052701,59.72458029487708,TP. Hồ Chí Minh,203,48,Không tìm thấy,part/output_part_203/ket_qua_tu_0_den_99.xlsx,original_output,not_found_or_error
20249,20251,88034000,PGD Bà Rịa,107.1768403,10.4877553,90333000,PGD Vạn Phúc,106.7136198,10.8438678,64.26637244430712,TP. Hồ Chí Minh,203,49,Không tìm thấy,part/output_part_203/ket_qua_tu_0_den_99.xlsx,original_output,not_found_or_error
20250,20252,88034000,PGD Bà Rịa,107.1768403,10.4877553,90334000,PGD Vinhomes Tân Cảng,106.7210417,10.7941608,60.34855006744731,TP. Hồ Chí Minh,203,50,Không tìm thấy,part/output_part_203/ket_qua_tu_0_den_99.xlsx,original_output,not_found_or_error
20251,20253,88034000,PGD Bà Rịa,107.1768403,10.4877553,90400000,CN 2 Thành phố Hồ Chí Minh,106.682211,10.7959893,64.00454079144937,TP. Hồ Chí Minh,203,51,Không tìm thấy,part/output_part_203/ket_qua_tu_0_den_99.xlsx,original_output,not_found_or_error
20252,20254,88034000,PGD Bà Rịa,107.1768403,10.4877553,90431000,PGD Phú Nhuận,106.680485,10.799081,64.34797775485346,TP. Hồ Chí Minh,203,52,Không tìm thấy,part/output_part_203/ket_qua_tu_0_den_99.xlsx,original_output,not_found_or_error
20253,20255,88034000,PGD Bà Rịa,107.1768403,10.4877553,90433000,PGD Nguyễn Văn Lượng,106.6676389,10.8384167,67.9447692007556,TP. Hồ Chí Minh,203,53,Không tìm thấy,part/output_part_203/ket_qua_tu_0_den_99.xlsx,original_output,not_found_or_error
20254,20256,88034000,PGD Bà Rịa,107.1768403,10.4877553,90434000,PGD Thái Sơn,106.687313,10.824671,65.30799401010971,TP. Hồ Chí Minh,203,54,Không tìm thấy,part/output_part_203/ket_qua_tu_0_den_99.xlsx,original_output,not_found_or_error
20255,20257,88034000,PGD Bà Rịa,107.1768403,10.4877553,90600000,CN 3 Thành phố Hồ Chí Minh,106.6819475,10.7697554,62.51797053921611,TP. Hồ Chí Minh,203,55,Không tìm thấy,part/output_part_203/ket_qua_tu_0_den_99.xlsx,original_output,not_found_or_error
20256,20258,88034000,PGD Bà Rịa,107.1768403,10.4877553,90630000,PGD Ba Tháng Hai,106.6689899,10.7688156,63.69575640303217,TP. Hồ Chí Minh,203,56,Không tìm thấy,part/output_part_203/ket_qua_tu_0_den_99.xlsx,original_output,not_found_or_error
20257,20259,88034000,PGD Bà Rịa,107.1768403,10.4877553,90632000,PGD Vườn Chuối,106.6839927,10.7723266,62.46884285059742,TP. Hồ Chí Minh,203,57,Không tìm thấy,part/output_part_203/ket_qua_tu_0_den_99.xlsx,original_output,not_found_or_error
20258,20260,88034000,PGD Bà Rịa,107.1768403,10.4877553,90635000,PGD Đô Thành,106.6756618,10.7892362,64.21545880972737,TP. Hồ Chí Minh,203,58,Không tìm thấy,part/output_part_203/ket_qua_tu_0_den_99.xlsx,original_output,not_found_or_error
20259,20261,88034000,PGD Bà Rịa,107.1768403,10.4877553,90636000,PGD Hai Bà Trưng,106.6904219,10.7893918,62.85452899296492,TP. Hồ Chí Minh,203,59,Không tìm thấy,part/output_part_203/ket_qua_tu_0_den_99.xlsx,original_output,not_found_or_error
20260,20262,88034000,PGD Bà Rịa,107.1768403,10.4877553,90800000,CN 4 Thành phố Hồ Chí Minh,106.7025623,10.7659462,60.36158007600023,TP. Hồ Chí Minh,203,60,Không tìm thấy,part/output_part_203/ket_qua_tu_0_den_99.xlsx,original_output,not_found_or_error
20261,20263,88034000,PGD Bà Rịa,107.1768403,10.4877553,90830000,PGD KCX Tân Thuận,106.7306059,10.736381,56.06110575252161,TP. Hồ Chí Minh,203,61,Không tìm thấy,part/output_part_203/ket_qua_tu_0_den_99.xlsx,original_output,not_found_or_error
20262,20264,88034000,PGD Bà Rịa,107.1768403,10.4877553,90831000,PGD Bến Vân Đồn,106.6936118,10.7582238,60.77470229762709,TP. Hồ Chí Minh,203,62,Không tìm thấy,part/output_part_203/ket_qua_tu_0_den_99.xlsx,original_output,not_found_or_error
20263,20265,88034000,PGD Bà Rịa,107.1768403,10.4877553,90834000,PGD Văn Thánh,106.7142617,10.8017978,61.43966475891058,TP. Hồ Chí Minh,203,63,Không tìm thấy,part/output_part_203/ket_qua_tu_0_den_99.xlsx,original_output,not_found_or_error
20264,20266,88034000,PGD Bà Rịa,107.1768403,10.4877553,90835000,PGD Phan Văn Trị,106.6918736,10.8242225,64.87166281165139,TP. Hồ Chí Minh,203,64,Không tìm thấy,part/output_part_203/ket_qua_tu_0_den_99.xlsx,original_output,not_found_or_error
20265,20267,88034000,PGD Bà Rịa,107.1768403,10.4877553,90836000,PGD Nguyễn Lương Bằng,106.7284493,10.7174433,55.26341171733132,TP. Hồ Chí Minh,203,65,Không tìm thấy,part/output_part_203/ket_qua_tu_0_den_99.xlsx,original_output,not_found_or_error
20266,20268,88034000,PGD Bà Rịa,107.1768403,10.4877553,91000000,CN Nam Sài Gòn,106.7002387,10.739119,59.11425739297378,TP. Hồ Chí Minh,203,66,Không tìm thấy,part/output_part_203/ket_qua_tu_0_den_99.xlsx,original_output,not_found_or_error
20267,20269,88034000,PGD Bà Rịa,107.1768403,10.4877553,91030000,PGD Phú Mỹ Hưng,106.7055348,10.7291804,58.08666092199537,TP. Hồ Chí Minh,203,67,Không tìm thấy,part/output_part_203/ket_qua_tu_0_den_99.xlsx,original_output,not_found_or_error
20268,20270,88034000,PGD Bà Rịa,107.1768403,10.4877553,91031000,PGD Trần Xuân Soạn,106.7055348,10.7517129,59.28459508806085,TP. Hồ Chí Minh,203,68,Không tìm thấy,part/output_part_203/ket_qua_tu_0_den_99.xlsx,original_output,not_found_or_error
20269,20271,88034000,PGD Bà Rịa,107.1768403,10.4877553,91032000,PGD Hùynh Tấn Phát,106.7368263,10.7145422,54.30276840153941,TP. Hồ Chí Minh,203,69,Không tìm thấy,part/output_part_203/ket_qua_tu_0_den_99.xlsx,original_output,not_found_or_error
20270,20272,88034000,PGD Bà Rịa,107.1768403,10.4877553,91033000,PGD Nguyễn Văn Cừ,106.6925748,10.7609209,61.02173449624446,TP. Hồ Chí Minh,203,70,Không tìm thấy,part/output_part_203/ket_qua_tu_0_den_99.xlsx,original_output,not_found_or_error
20271,20273,88034000,PGD Bà Rịa,107.1768403,10.4877553,91034000,PGD Trung Sơn,106.6897068,10.7315771,59.74637542706379,TP. Hồ Chí Minh,203,71,Không tìm thấy,part/output_part_203/ket_qua_tu_0_den_99.xlsx,original_output,not_found_or_error
20272,20274,88034000,PGD Bà Rịa,107.1768403,10.4877553,91200000,CN Sài Gòn,106.7072001,10.7281824,57.87404604710265,TP. Hồ Chí Minh,203,72,Không tìm thấy,part/output_part_203/ket_qua_tu_0_den_99.xlsx,original_output,not_found_or_error
20273,20275,88034000,PGD Bà Rịa,107.1768403,10.4877553,91232000,PGD Tân Phú,106.64491,10.778592,66.52229275540633,TP. Hồ Chí Minh,203,73,Không tìm thấy,part/output_part_203/ket_qua_tu_0_den_99.xlsx,original_output,not_found_or_error
20274,20276,88034000,PGD Bà Rịa,107.1768403,10.4877553,91242000,PGD Hiệp Phước,106.7378846,10.6469072,51.14139000112095,TP. Hồ Chí Minh,203,74,Không tìm thấy,part/output_part_203/ket_qua_tu_0_den_99.xlsx,original_output,not_found_or_error
20275,20277,88034000,PGD Bà Rịa,107.1768403,10.4877553,92000000,CN 5 Thành phố Hồ Chí Minh,106.6738508,10.756692,62.57905870994228,TP. Hồ Chí Minh,203,75,Không tìm thấy,part/output_part_203/ket_qua_tu_0_den_99.xlsx,original_output,not_found_or_error
20276,20278,88034000,PGD Bà Rịa,107.1768403,10.4877553,92030000,PGD Hòa Bình,106.6749817,10.7525802,62.25327136086776,TP. Hồ Chí Minh,203,76,Không tìm thấy,part/output_part_203/ket_qua_tu_0_den_99.xlsx,original_output,not_found_or_error
20277,20279,88034000,PGD Bà Rịa,107.1768403,10.4877553,92031000,PGD Phan Phú Tiên,106.6654307,10.7522131,63.15588145827873,TP. Hồ Chí Minh,203,77,Không tìm thấy,part/output_part_203/ket_qua_tu_0_den_99.xlsx,original_output,not_found_or_error
20278,20280,88034000,PGD Bà Rịa,107.1768403,10.4877553,92033000,PGD Hoa Việt,106.6587496,10.7525874,63.82214864663204,TP. Hồ Chí Minh,203,78,Không tìm thấy,part/output_part_203/ket_qua_tu_0_den_99.xlsx,original_output,not_found_or_error
20279,20281,88034000,PGD Bà Rịa,107.1768403,10.4877553,92037000,PGD Nancy,106.68175,10.7565278,61.81326789387397,TP. Hồ Chí Minh,203,79,Không tìm thấy,part/output_part_203/ket_qua_tu_0_den_99.xlsx,original_output,not_found_or_error
20280,20282,88034000,PGD Bà Rịa,107.1768403,10.4877553,92038000,PGD Bình Tây,106.6366052,10.7484977,65.77738867618578,TP. Hồ Chí Minh,203,80,Không tìm thấy,part/output_part_203/ket_qua_tu_0_den_99.xlsx,original_output,not_found_or_error
20281,20283,88034000,PGD Bà Rịa,107.1768403,10.4877553,92200000,CN 6 Thành phố Hồ Chí Minh,106.6648231,10.7532743,63.2695479982539,TP. Hồ Chí Minh,203,81,Không tìm thấy,part/output_part_203/ket_qua_tu_0_den_99.xlsx,original_output,not_found_or_error
20282,20284,88034000,PGD Bà Rịa,107.1768403,10.4877553,92230000,PGD Tháp Mười,106.6510538,10.7501355,64.44582881993477,TP. Hồ Chí Minh,203,82,Không tìm thấy,part/output_part_203/ket_qua_tu_0_den_99.xlsx,original_output,not_found_or_error
20283,20285,88034000,PGD Bà Rịa,107.1768403,10.4877553,92231000,PGD Chợ Lớn,106.6529332,10.7505148,64.28187628744519,TP. Hồ Chí Minh,203,83,Không tìm thấy,part/output_part_203/ket_qua_tu_0_den_99.xlsx,original_output,not_found_or_error
20284,20286,88034000,PGD Bà Rịa,107.1768403,10.4877553,92233000,PGD Bình Thới,106.6552691,10.7644821,64.77659980506698,TP. Hồ Chí Minh,203,84,Không tìm thấy,part/output_part_203/ket_qua_tu_0_den_99.xlsx,original_output,not_found_or_error
20285,20287,88034000,PGD Bà Rịa,107.1768403,10.4877553,92300000,CN Tây Sài Gòn,106.5953388,10.7457963,69.7300851871567,TP. Hồ Chí Minh,203,85,Không tìm thấy,part/output_part_203/ket_qua_tu_0_den_99.xlsx,original_output,not_found_or_error
20286,20288,88034000,PGD Bà Rịa,107.1768403,10.4877553,92330000,PGD Hậu Giang,106.6301338,10.7472151,66.35094877746242,TP. Hồ Chí Minh,203,86,Không tìm thấy,part/output_part_203/ket_qua_tu_0_den_99.xlsx,original_output,not_found_or_error
20287,20289,88034000,PGD Bà Rịa,107.1768403,10.4877553,92332000,PGD Bình Trị Đông,106.61727,10.7517545,67.83623537446616,TP. Hồ Chí Minh,203,87,Không tìm thấy,part/output_part_203/ket_qua_tu_0_den_99.xlsx,original_output,not_found_or_error
20288,20290,88034000,PGD Bà Rịa,107.1768403,10.4877553,92333000,PGD Lạc Long Quân,106.6507963,10.7841392,66.26502311242668,TP. Hồ Chí Minh,203,88,Không tìm thấy,part/output_part_203/ket_qua_tu_0_den_99.xlsx,original_output,not_found_or_error
20289,20291,88034000,PGD Bà Rịa,107.1768403,10.4877553,92400000,CN 7 Thành phố Hồ Chí Minh,106.6991015,10.801716,62.80479250955985,TP. Hồ Chí Minh,203,89,Không tìm thấy,part/output_part_203/ket_qua_tu_0_den_99.xlsx,original_output,not_found_or_error
20290,20292,88034000,PGD Bà Rịa,107.1768403,10.4877553,92430000,PGD Thạnh Mỹ Tây,106.7088421,10.7941214,61.45114494693785,TP. Hồ Chí Minh,203,90,Không tìm thấy,part/output_part_203/ket_qua_tu_0_den_99.xlsx,original_output,not_found_or_error
20291,20293,88034000,PGD Bà Rịa,107.1768403,10.4877553,92431000,PGD Bình Hòa,106.697804,10.813936,63.68577097702724,TP. Hồ Chí Minh,203,91,Không tìm thấy,part/output_part_203/ket_qua_tu_0_den_99.xlsx,original_output,not_found_or_error
20292,20294,88034000,PGD Bà Rịa,107.1768403,10.4877553,92432000,PGD Cầu Sơn,106.7092691,10.8138851,62.6566998265662,TP. Hồ Chí Minh,203,92,Không tìm thấy,part/output_part_203/ket_qua_tu_0_den_99.xlsx,original_output,not_found_or_error
20293,20295,88034000,PGD Bà Rịa,107.1768403,10.4877553,92434000,PGD Lương Định Của,106.736647,10.7829335,58.23690013734054,TP. Hồ Chí Minh,203,93,Không tìm thấy,part/output_part_203/ket_qua_tu_0_den_99.xlsx,original_output,not_found_or_error
20294,20296,88034000,PGD Bà Rịa,107.1768403,10.4877553,92600000,CN 8 Thành phố Hồ Chí Minh,106.6653111,10.7423991,62.66767731134555,TP. Hồ Chí Minh,203,94,Không tìm thấy,part/output_part_203/ket_qua_tu_0_den_99.xlsx,original_output,not_found_or_error
20295,20297,88034000,PGD Bà Rịa,107.1768403,10.4877553,92630000,PGD Hưng Phú,106.6785721,10.7502016,61.78264781516595,TP. Hồ Chí Minh,203,95,Không tìm thấy,part/output_part_203/ket_qua_tu_0_den_99.xlsx,original_output,not_found_or_error
