global_index,original_excel_row,ma_phong_ban_1,ten_phong_ban_1,kinh_do_1,vi_do_1,ma_phong_ban_2,ten_phong_ban_2,kinh_do_2,vi_do_2,khoang_cach_chim_bay,tinh_thanh,PART_ID,row_in_part,Khoảng cách đường bộ,Khoảng cách đường bộ km,thời gian,source_output_file,source_kind,crawl_status,directed_pair_key_by_code,undirected_pair_key_by_code,directed_pair_key_by_coord,undirected_pair_key_by_coord,matched_by,old_distance_km,new_distance_km,old_duration,new_duration,old_ratio_to_air,new_ratio_to_air,distance_diff_km,distance_abs_diff_km,distance_change_pct,compare_status,recrawl_priority
19443,19445,64036000,PGD Bàu Bàng,106.6362417,11.2429544,88000000,CN Bà Rịa - Vũng Tàu,107.0753056,10.3481944,110.4478448312946,TP. Hồ Chí Minh,195,43,"30 min
19.4 km",19.4,30 min,part/output_part_195/ket_qua_tu_0_den_99.xlsx,original_output,ok,64036000__88000000,64036000__88000000,"11.24295,106.63624__10.34819,107.07531","10.34819,107.07531__11.24295,106.63624",directed_pair_key_by_code,149.0,19.4,,30 min,,0.1756,-129.6,129.6,0.8698,SUSPECT_CHANGED,HIGH
19446,19448,64036000,PGD Bàu Bàng,106.6362417,11.2429544,88032000,PGD Thắng Nhất,107.1119125,10.3980829,107.3531801611606,TP. Hồ Chí Minh,195,46,"18 min
11.6 km",11.6,18 min,part/output_part_195/ket_qua_tu_0_den_99.xlsx,original_output,ok,64036000__88032000,64036000__88032000,"11.24295,106.63624__10.39808,107.11191","10.39808,107.11191__11.24295,106.63624",directed_pair_key_by_code,141.0,11.6,,18 min,,0.1081,-129.4,129.4,0.9177,SUSPECT_CHANGED,HIGH
19351,19353,64035000,PGD Tân Đông Hiệp,106.7422824,10.9280524,90434000,PGD Thái Sơn,106.687313,10.824671,12.96830495728751,TP. Hồ Chí Minh,194,51,"3 hr 10 min
144 km",144.0,3 hr 10 min,part/output_part_194/ket_qua_tu_0_den_99.xlsx,original_output,ok,64035000__90434000,64035000__90434000,"10.92805,106.74228__10.82467,106.68731","10.82467,106.68731__10.92805,106.74228",directed_pair_key_by_code,16.3,144.0,,3 hr 10 min,,11.104,127.7,127.7,7.8344,SUSPECT_CHANGED,HIGH
19444,19446,64036000,PGD Bàu Bàng,106.6362417,11.2429544,88030000,PGD Nguyễn An Ninh,107.0898627,10.3656844,109.4093817989767,TP. Hồ Chí Minh,195,44,"34 min
19.3 km",19.3,34 min,part/output_part_195/ket_qua_tu_0_den_99.xlsx,original_output,ok,64036000__88030000,64036000__88030000,"11.24295,106.63624__10.36568,107.08986","10.36568,107.08986__11.24295,106.63624",directed_pair_key_by_code,147.0,19.3,,34 min,,0.1764,-127.7,127.7,0.8687,SUSPECT_CHANGED,HIGH
19452,19454,64036000,PGD Bàu Bàng,106.6362417,11.2429544,88041000,PGD Xuyên Mộc,107.4095097,10.5384199,115.1800293621377,TP. Hồ Chí Minh,195,52,"36 min
20.8 km",20.8,36 min,part/output_part_195/ket_qua_tu_0_den_99.xlsx,original_output,ok,64036000__88041000,64036000__88041000,"11.24295,106.63624__10.53842,107.40951","10.53842,107.40951__11.24295,106.63624",directed_pair_key_by_code,147.0,20.8,,36 min,,0.1806,-126.2,126.2,0.8585,SUSPECT_CHANGED,HIGH
1915,1917,50633000,PGD Cư Jút,107.8992603,12.5927414,60030000,PGD Mũi Né,108.286852,10.9362766,188.9611943714505,Lâm Đồng,20,15,"6 hr 39 min
283 km",283.0,6 hr 39 min,part/output_part_20/ket_qua_tu_0_den_99.xlsx,original_output,ok,50633000__60030000,50633000__60030000,"12.59274,107.89926__10.93628,108.28685","10.93628,108.28685__12.59274,107.89926",directed_pair_key_by_code,408.0,283.0,,6 hr 39 min,,1.4977,-125.0,125.0,0.3064,SUSPECT_CHANGED,HIGH
19344,19346,64035000,PGD Tân Đông Hiệp,106.7422824,10.9280524,90331000,PGD Bình Trưng Tây,106.7566664,10.788686,15.57626399276766,TP. Hồ Chí Minh,194,44,"3 hr 9 min
142 km",142.0,3 hr 9 min,part/output_part_194/ket_qua_tu_0_den_99.xlsx,original_output,ok,64035000__90331000,64035000__90331000,"10.92805,106.74228__10.78869,106.75667","10.78869,106.75667__10.92805,106.74228",directed_pair_key_by_code,18.8,142.0,,3 hr 9 min,,9.1164,123.2,123.2,6.5532,SUSPECT_CHANGED,HIGH
19342,19344,64035000,PGD Tân Đông Hiệp,106.7422824,10.9280524,90300000,CN Thủ Thiêm,106.7293726,10.7875464,15.68705457053671,TP. Hồ Chí Minh,194,42,"3 hr 12 min
143 km",143.0,3 hr 12 min,part/output_part_194/ket_qua_tu_0_den_99.xlsx,original_output,ok,64035000__90300000,64035000__90300000,"10.92805,106.74228__10.78755,106.72937","10.78755,106.72937__10.92805,106.74228",directed_pair_key_by_code,20.0,143.0,,3 hr 12 min,,9.1158,123.0,123.0,6.15,SUSPECT_CHANGED,HIGH
19343,19345,64035000,PGD Tân Đông Hiệp,106.7422824,10.9280524,90330000,PGD An Phú,106.7385273,10.7978598,14.48258316932482,TP. Hồ Chí Minh,194,43,"3 hr 6 min
141 km",141.0,3 hr 6 min,part/output_part_194/ket_qua_tu_0_den_99.xlsx,original_output,ok,64035000__90330000,64035000__90330000,"10.92805,106.74228__10.79786,106.73853","10.79786,106.73853__10.92805,106.74228",directed_pair_key_by_code,19.3,141.0,,3 hr 6 min,,9.7358,121.7,121.7,6.3057,SUSPECT_CHANGED,HIGH
19445,19447,64036000,PGD Bàu Bàng,106.6362417,11.2429544,88031000,PGD Tam Thắng,107.0854444,10.3494722,110.805718736219,TP. Hồ Chí Minh,195,45,"32 min
19.2 km",19.2,32 min,part/output_part_195/ket_qua_tu_0_den_99.xlsx,original_output,ok,64036000__88031000,64036000__88031000,"11.24295,106.63624__10.34947,107.08544","10.34947,107.08544__11.24295,106.63624",directed_pair_key_by_code,140.0,19.2,,32 min,,0.1733,-120.8,120.8,0.8629,SUSPECT_CHANGED,HIGH
20790,20792,88041000,PGD Xuyên Mộc,107.4095097,10.5384199,92631000,PGD Xóm Củi,106.6567989,10.7444752,85.38965183258865,TP. Hồ Chí Minh,208,90,"11 min
4.3 km",4.3,11 min,part/output_part_208/ket_qua_tu_0_den_99.xlsx,original_output,ok,88041000__92631000,88041000__92631000,"10.53842,107.40951__10.74448,106.65680","10.53842,107.40951__10.74448,106.65680",directed_pair_key_by_code,124.0,4.3,,11 min,,0.0504,-119.7,119.7,0.9653,SUSPECT_CHANGED,HIGH
19449,19451,64036000,PGD Bàu Bàng,106.6362417,11.2429544,88038000,PGD Long Điền,107.2164178,10.4169245,111.5857871214624,TP. Hồ Chí Minh,195,49,"31 min
19.7 km",19.7,31 min,part/output_part_195/ket_qua_tu_0_den_99.xlsx,original_output,ok,64036000__88038000,64036000__88038000,"11.24295,106.63624__10.41692,107.21642","10.41692,107.21642__11.24295,106.63624",directed_pair_key_by_code,138.0,19.7,,31 min,,0.1765,-118.3,118.3,0.8572,SUSPECT_CHANGED,HIGH
20769,20771,88041000,PGD Xuyên Mộc,107.4095097,10.5384199,92000000,CN 5 Thành phố Hồ Chí Minh,106.6738508,10.756692,83.97695237653531,TP. Hồ Chí Minh,208,69,"12 min
3.0 km",3.0,12 min,part/output_part_208/ket_qua_tu_0_den_99.xlsx,original_output,ok,88041000__92000000,88041000__92000000,"10.53842,107.40951__10.75669,106.67385","10.53842,107.40951__10.75669,106.67385",directed_pair_key_by_code,121.0,3.0,,12 min,,0.0357,-118.0,118.0,0.9752,SUSPECT_CHANGED,HIGH
20754,20756,88041000,PGD Xuyên Mộc,107.4095097,10.5384199,90800000,CN 4 Thành phố Hồ Chí Minh,106.7025623,10.7659462,81.29155266911077,TP. Hồ Chí Minh,208,54,"2 min
550 m",0.55,2 min,part/output_part_208/ket_qua_tu_0_den_99.xlsx,original_output,ok,88041000__90800000,88041000__90800000,"10.53842,107.40951__10.76595,106.70256","10.53842,107.40951__10.76595,106.70256",directed_pair_key_by_code,118.0,0.55,,2 min,,0.0068,-117.45,117.45,0.9953,SUSPECT_CHANGED,HIGH
19345,19347,64035000,PGD Tân Đông Hiệp,106.7422824,10.9280524,90332000,PGD Thảo Điền,106.7360342,10.8052701,13.66982662443199,TP. Hồ Chí Minh,194,45,"3 hr 1 min
135 km",135.0,3 hr 1 min,part/output_part_194/ket_qua_tu_0_den_99.xlsx,original_output,ok,64035000__90332000,64035000__90332000,"10.92805,106.74228__10.80527,106.73603","10.80527,106.73603__10.92805,106.74228",directed_pair_key_by_code,18.7,135.0,,3 hr 1 min,,9.8758,116.3,116.3,6.2193,SUSPECT_CHANGED,HIGH
20794,20796,88041000,PGD Xuyên Mộc,107.4095097,10.5384199,92800000,CN 9 Thành phố Hồ Chí Minh,106.6788024,10.82797,86.08986155782861,TP. Hồ Chí Minh,208,94,"22 min
8.8 km",8.8,22 min,part/output_part_208/ket_qua_tu_0_den_99.xlsx,original_output,ok,88041000__92800000,88041000__92800000,"10.53842,107.40951__10.82797,106.67880","10.53842,107.40951__10.82797,106.67880",directed_pair_key_by_code,124.0,8.8,,22 min,,0.1022,-115.2,115.2,0.929,SUSPECT_CHANGED,HIGH
20775,20777,88041000,PGD Xuyên Mộc,107.4095097,10.5384199,92200000,CN 6 Thành phố Hồ Chí Minh,106.6648231,10.7532743,84.81448749338756,TP. Hồ Chí Minh,208,75,"23 min
7.8 km",7.8,23 min,part/output_part_208/ket_qua_tu_0_den_99.xlsx,original_output,ok,88041000__92200000,88041000__92200000,"10.53842,107.40951__10.75327,106.66482","10.53842,107.40951__10.75327,106.66482",directed_pair_key_by_code,122.0,7.8,,23 min,,0.092,-114.2,114.2,0.9361,SUSPECT_CHANGED,HIGH
20783,20785,88041000,PGD Xuyên Mộc,107.4095097,10.5384199,92400000,CN 7 Thành phố Hồ Chí Minh,106.6991015,10.801716,82.96540474188832,TP. Hồ Chí Minh,208,83,"23 min
8.7 km",8.7,23 min,part/output_part_208/ket_qua_tu_0_den_99.xlsx,original_output,ok,88041000__92400000,88041000__92400000,"10.53842,107.40951__10.80172,106.69910","10.53842,107.40951__10.80172,106.69910",directed_pair_key_by_code,118.0,8.7,,23 min,,0.1049,-109.3,109.3,0.9263,SUSPECT_CHANGED,HIGH
20896,20898,90000000,CN Thành phố Hồ Chí Minh,106.7033737,10.7705105,92200000,CN 6 Thành phố Hồ Chí Minh,106.6648231,10.7532743,4.626860961132945,TP. Hồ Chí Minh,209,96,"2 hr 26 min
115 km",115.0,2 hr 26 min,part/output_part_209/ket_qua_tu_0_den_99.xlsx,original_output,ok,90000000__92200000,90000000__92200000,"10.77051,106.70337__10.75327,106.66482","10.75327,106.66482__10.77051,106.70337",directed_pair_key_by_code,5.8,115.0,,2 hr 26 min,,24.8549,109.2,109.2,18.8276,SUSPECT_CHANGED,HIGH
19348,19350,64035000,PGD Tân Đông Hiệp,106.7422824,10.9280524,90400000,CN 2 Thành phố Hồ Chí Minh,106.682211,10.7959893,16.08339437182224,TP. Hồ Chí Minh,194,48,"2 hr 49 min
128 km",128.0,2 hr 49 min,part/output_part_194/ket_qua_tu_0_den_99.xlsx,original_output,ok,64035000__90400000,64035000__90400000,"10.92805,106.74228__10.79599,106.68221","10.79599,106.68221__10.92805,106.74228",directed_pair_key_by_code,19.5,128.0,,2 hr 49 min,,7.9585,108.5,108.5,5.5641,SUSPECT_CHANGED,HIGH
20879,20881,90000000,CN Thành phố Hồ Chí Minh,106.7033737,10.7705105,90835000,PGD Phan Văn Trị,106.6918736,10.8242225,6.103171552053817,TP. Hồ Chí Minh,209,79,"2 hr 16 min
114 km",114.0,2 hr 16 min,part/output_part_209/ket_qua_tu_0_den_99.xlsx,original_output,ok,90000000__90835000,90000000__90835000,"10.77051,106.70337__10.82422,106.69187","10.77051,106.70337__10.82422,106.69187",directed_pair_key_by_code,7.4,114.0,,2 hr 16 min,,18.6788,106.6,106.6,14.4054,SUSPECT_CHANGED,HIGH
20788,20790,88041000,PGD Xuyên Mộc,107.4095097,10.5384199,92600000,CN 8 Thành phố Hồ Chí Minh,106.6653111,10.7423991,84.4318582711,TP. Hồ Chí Minh,208,88,"39 min
16.0 km",16.0,39 min,part/output_part_208/ket_qua_tu_0_den_99.xlsx,original_output,ok,88041000__92600000,88041000__92600000,"10.53842,107.40951__10.74240,106.66531","10.53842,107.40951__10.74240,106.66531",directed_pair_key_by_code,122.0,16.0,,39 min,,0.1895,-106.0,106.0,0.8689,SUSPECT_CHANGED,HIGH
19347,19349,64035000,PGD Tân Đông Hiệp,106.7422824,10.9280524,90334000,PGD Vinhomes Tân Cảng,106.7210417,10.7941608,15.06769603557936,TP. Hồ Chí Minh,194,47,"2 hr 38 min
122 km",122.0,2 hr 38 min,part/output_part_194/ket_qua_tu_0_den_99.xlsx,original_output,ok,64035000__90334000,64035000__90334000,"10.92805,106.74228__10.79416,106.72104","10.79416,106.72104__10.92805,106.74228",directed_pair_key_by_code,17.9,122.0,,2 hr 38 min,,8.0968,104.1,104.1,5.8156,SUSPECT_CHANGED,HIGH
20745,20747,88041000,PGD Xuyên Mộc,107.4095097,10.5384199,90400000,CN 2 Thành phố Hồ Chí Minh,106.682211,10.7959893,84.47753380747342,TP. Hồ Chí Minh,208,45,"44 min
16.2 km",16.2,44 min,part/output_part_208/ket_qua_tu_0_den_99.xlsx,original_output,ok,88041000__90400000,88041000__90400000,"10.53842,107.40951__10.79599,106.68221","10.53842,107.40951__10.79599,106.68221",directed_pair_key_by_code,120.0,16.2,,44 min,,0.1918,-103.8,103.8,0.865,SUSPECT_CHANGED,HIGH
20881,20883,90000000,CN Thành phố Hồ Chí Minh,106.7033737,10.7705105,91000000,CN Nam Sài Gòn,106.7002387,10.739119,3.507340769080975,TP. Hồ Chí Minh,209,81,"2 hr 10 min
108 km",108.0,2 hr 10 min,part/output_part_209/ket_qua_tu_0_den_99.xlsx,original_output,ok,90000000__91000000,90000000__91000000,"10.77051,106.70337__10.73912,106.70024","10.73912,106.70024__10.77051,106.70337",directed_pair_key_by_code,4.5,108.0,,2 hr 10 min,,30.7926,103.5,103.5,23.0,SUSPECT_CHANGED,HIGH
20779,20781,88041000,PGD Xuyên Mộc,107.4095097,10.5384199,92300000,CN Tây Sài Gòn,106.5953388,10.7457963,91.91409657141277,TP. Hồ Chí Minh,208,79,"21 min
7.6 km",7.6,21 min,part/output_part_208/ket_qua_tu_0_den_99.xlsx,original_output,ok,88041000__92300000,88041000__92300000,"10.53842,107.40951__10.74580,106.59534","10.53842,107.40951__10.74580,106.59534",directed_pair_key_by_code,111.0,7.6,,21 min,,0.0827,-103.4,103.4,0.9315,SUSPECT_CHANGED,HIGH
20867,20869,90000000,CN Thành phố Hồ Chí Minh,106.7033737,10.7705105,90431000,PGD Phú Nhuận,106.680485,10.799081,4.04270569428972,TP. Hồ Chí Minh,209,67,"2 hr 11 min
107 km",107.0,2 hr 11 min,part/output_part_209/ket_qua_tu_0_den_99.xlsx,original_output,ok,90000000__90431000,90000000__90431000,"10.77051,106.70337__10.79908,106.68049","10.77051,106.70337__10.79908,106.68049",directed_pair_key_by_code,4.8,107.0,,2 hr 11 min,,26.4674,102.2,102.2,21.2917,SUSPECT_CHANGED,HIGH
20874,20876,90000000,CN Thành phố Hồ Chí Minh,106.7033737,10.7705105,90636000,PGD Hai Bà Trưng,106.6904219,10.7893918,2.531695471973683,TP. Hồ Chí Minh,209,74,"2 hr 4 min
105 km",105.0,2 hr 4 min,part/output_part_209/ket_qua_tu_0_den_99.xlsx,original_output,ok,90000000__90636000,90000000__90636000,"10.77051,106.70337__10.78939,106.69042","10.77051,106.70337__10.78939,106.69042",directed_pair_key_by_code,3.1,105.0,,2 hr 4 min,,41.4742,101.9,101.9,32.871,SUSPECT_CHANGED,HIGH
20749,20751,88041000,PGD Xuyên Mộc,107.4095097,10.5384199,90600000,CN 3 Thành phố Hồ Chí Minh,106.6819475,10.7697554,83.56431469318795,TP. Hồ Chí Minh,208,49,"46 min
18.4 km",18.4,46 min,part/output_part_208/ket_qua_tu_0_den_99.xlsx,original_output,ok,88041000__90600000,88041000__90600000,"10.53842,107.40951__10.76976,106.68195","10.53842,107.40951__10.76976,106.68195",directed_pair_key_by_code,120.0,18.4,,46 min,,0.2202,-101.6,101.6,0.8467,SUSPECT_CHANGED,HIGH
20897,20899,90000000,CN Thành phố Hồ Chí Minh,106.7033737,10.7705105,92230000,PGD Tháp Mười,106.6510538,10.7501355,6.148087689831289,TP. Hồ Chí Minh,209,97,"2 hr 8 min
109 km",109.0,2 hr 8 min,part/output_part_209/ket_qua_tu_0_den_99.xlsx,original_output,ok,90000000__92230000,90000000__92230000,"10.77051,106.70337__10.75014,106.65105","10.75014,106.65105__10.77051,106.70337",directed_pair_key_by_code,7.6,109.0,,2 hr 8 min,,17.7291,101.4,101.4,13.3421,SUSPECT_CHANGED,HIGH
20894,20896,90000000,CN Thành phố Hồ Chí Minh,106.7033737,10.7705105,92037000,PGD Nancy,106.68175,10.7565278,2.827925052163953,TP. Hồ Chí Minh,209,94,"1 hr 57 min
105 km",105.0,1 hr 57 min,part/output_part_209/ket_qua_tu_0_den_99.xlsx,original_output,ok,90000000__92037000,90000000__92037000,"10.77051,106.70337__10.75653,106.68175","10.75653,106.68175__10.77051,106.70337",directed_pair_key_by_code,3.9,105.0,,1 hr 57 min,,37.1297,101.1,101.1,25.9231,SUSPECT_CHANGED,HIGH
20877,20879,90000000,CN Thành phố Hồ Chí Minh,106.7033737,10.7705105,90831000,PGD Bến Vân Đồn,106.6936118,10.7582238,1.733122586078836,TP. Hồ Chí Minh,209,77,"2 hr
104 km",104.0,2 hr,part/output_part_209/ket_qua_tu_0_den_99.xlsx,original_output,ok,90000000__90831000,90000000__90831000,"10.77051,106.70337__10.75822,106.69361","10.75822,106.69361__10.77051,106.70337",directed_pair_key_by_code,2.9,104.0,,2 hr,,60.0073,101.1,101.1,34.8621,SUSPECT_CHANGED,HIGH
20875,20877,90000000,CN Thành phố Hồ Chí Minh,106.7033737,10.7705105,90800000,CN 4 Thành phố Hồ Chí Minh,106.7025623,10.7659462,0.515209203710917,TP. Hồ Chí Minh,209,75,"1 hr 55 min
102 km",102.0,1 hr 55 min,part/output_part_209/ket_qua_tu_0_den_99.xlsx,original_output,ok,90000000__90800000,90000000__90800000,"10.77051,106.70337__10.76595,106.70256","10.76595,106.70256__10.77051,106.70337",directed_pair_key_by_code,1.4,102.0,,1 hr 55 min,,197.9778,100.6,100.6,71.8571,SUSPECT_CHANGED,HIGH
20882,20884,90000000,CN Thành phố Hồ Chí Minh,106.7033737,10.7705105,91030000,PGD Phú Mỹ Hưng,106.7055348,10.7291804,4.60176380887376,TP. Hồ Chí Minh,209,82,"2 hr 4 min
108 km",108.0,2 hr 4 min,part/output_part_209/ket_qua_tu_0_den_99.xlsx,original_output,ok,90000000__91030000,90000000__91030000,"10.77051,106.70337__10.72918,106.70553","10.72918,106.70553__10.77051,106.70337",directed_pair_key_by_code,7.4,108.0,,2 hr 4 min,,23.4693,100.6,100.6,13.5946,SUSPECT_CHANGED,HIGH
19576,19578,88000000,CN Bà Rịa - Vũng Tàu,107.0753056,10.3481944,88031000,PGD Tam Thắng,107.0854444,10.3494722,1.118109267916182,TP. Hồ Chí Minh,196,76,"1 hr 45 min
102 km",102.0,1 hr 45 min,part/output_part_196/ket_qua_tu_0_den_99.xlsx,original_output,ok,88000000__88031000,88000000__88031000,"10.34819,107.07531__10.34947,107.08544","10.34819,107.07531__10.34947,107.08544",directed_pair_key_by_code,1.5,102.0,,1 hr 45 min,,91.2254,100.5,100.5,67.0,SUSPECT_CHANGED,HIGH
20872,20874,90000000,CN Thành phố Hồ Chí Minh,106.7033737,10.7705105,90632000,PGD Vườn Chuối,106.6839927,10.7723266,2.126710144446397,TP. Hồ Chí Minh,209,72,"1 hr 59 min
103 km",103.0,1 hr 59 min,part/output_part_209/ket_qua_tu_0_den_99.xlsx,original_output,ok,90000000__90632000,90000000__90632000,"10.77051,106.70337__10.77233,106.68399","10.77051,106.70337__10.77233,106.68399",directed_pair_key_by_code,2.6,103.0,,1 hr 59 min,,48.4316,100.4,100.4,38.6154,SUSPECT_CHANGED,HIGH
20898,20900,90000000,CN Thành phố Hồ Chí Minh,106.7033737,10.7705105,92231000,PGD Chợ Lớn,106.6529332,10.7505148,5.94179681002972,TP. Hồ Chí Minh,209,98,"2 hr 5 min
107 km",107.0,2 hr 5 min,part/output_part_209/ket_qua_tu_0_den_99.xlsx,original_output,ok,90000000__92231000,90000000__92231000,"10.77051,106.70337__10.75051,106.65293","10.75051,106.65293__10.77051,106.70337",directed_pair_key_by_code,7.4,107.0,,2 hr 5 min,,18.008,99.6,99.6,13.4595,SUSPECT_CHANGED,HIGH
20774,20776,88041000,PGD Xuyên Mộc,107.4095097,10.5384199,92038000,PGD Bình Tây,106.6366052,10.7484977,87.63517055146434,TP. Hồ Chí Minh,208,74,"5 min
1.4 km",1.4,5 min,part/output_part_208/ket_qua_tu_0_den_99.xlsx,original_output,ok,88041000__92038000,88041000__92038000,"10.53842,107.40951__10.74850,106.63661","10.53842,107.40951__10.74850,106.63661",directed_pair_key_by_code,101.0,1.4,,5 min,,0.016,-99.6,99.6,0.9861,SUSPECT_CHANGED,HIGH
19676,19678,88000000,CN Bà Rịa - Vũng Tàu,107.0753056,10.3481944,94031000,PGD Ngô Gia Tự,106.6748391,10.7670545,63.91855502827646,TP. Hồ Chí Minh,197,76,"4 min
1.5 km",1.5,4 min,part/output_part_197/ket_qua_tu_0_den_99.xlsx,original_output,ok,88000000__94031000,88000000__94031000,"10.34819,107.07531__10.76705,106.67484","10.34819,107.07531__10.76705,106.67484",directed_pair_key_by_code,101.0,1.5,,4 min,,0.0235,-99.5,99.5,0.9851,SUSPECT_CHANGED,HIGH
20892,20894,90000000,CN Thành phố Hồ Chí Minh,106.7033737,10.7705105,92031000,PGD Phan Phú Tiên,106.6654307,10.7522131,4.61730589377114,TP. Hồ Chí Minh,209,92,"2 hr 3 min
105 km",105.0,2 hr 3 min,part/output_part_209/ket_qua_tu_0_den_99.xlsx,original_output,ok,90000000__92031000,90000000__92031000,"10.77051,106.70337__10.75221,106.66543","10.75221,106.66543__10.77051,106.70337",directed_pair_key_by_code,5.6,105.0,,2 hr 3 min,,22.7405,99.4,99.4,17.75,SUSPECT_CHANGED,HIGH
20796,20798,88041000,PGD Xuyên Mộc,107.4095097,10.5384199,92831000,PGD Hiệp Thành,106.6434221,10.8767708,91.76859958229866,TP. Hồ Chí Minh,208,96,"19 min
7.6 km",7.6,19 min,part/output_part_208/ket_qua_tu_0_den_99.xlsx,original_output,ok,88041000__92831000,88041000__92831000,"10.53842,107.40951__10.87677,106.64342","10.53842,107.40951__10.87677,106.64342",directed_pair_key_by_code,107.0,7.6,,19 min,,0.0828,-99.4,99.4,0.929,SUSPECT_CHANGED,HIGH
20858,20860,90000000,CN Thành phố Hồ Chí Minh,106.7033737,10.7705105,90236000,PGD Đakao,106.6972065,10.7927265,2.560516437972004,TP. Hồ Chí Minh,209,58,"1 hr 49 min
103 km",103.0,1 hr 49 min,part/output_part_209/ket_qua_tu_0_den_99.xlsx,original_output,ok,90000000__90236000,90000000__90236000,"10.77051,106.70337__10.79273,106.69721","10.77051,106.70337__10.79273,106.69721",directed_pair_key_by_code,3.7,103.0,,1 hr 49 min,,40.2263,99.3,99.3,26.8378,SUSPECT_CHANGED,HIGH
19675,19677,88000000,CN Bà Rịa - Vũng Tàu,107.0753056,10.3481944,94030000,PGD Lý Thường Kiệt,106.6576503,10.7716481,65.58526559422087,TP. Hồ Chí Minh,197,75,"5 min
2.7 km",2.7,5 min,part/output_part_197/ket_qua_tu_0_den_99.xlsx,original_output,ok,88000000__94030000,88000000__94030000,"10.34819,107.07531__10.77165,106.65765","10.34819,107.07531__10.77165,106.65765",directed_pair_key_by_code,102.0,2.7,,5 min,,0.0412,-99.3,99.3,0.9735,SUSPECT_CHANGED,HIGH
20868,20870,90000000,CN Thành phố Hồ Chí Minh,106.7033737,10.7705105,90433000,PGD Nguyễn Văn Lượng,106.6676389,10.8384167,8.499956072194587,TP. Hồ Chí Minh,209,68,"2 hr 6 min
110 km",110.0,2 hr 6 min,part/output_part_209/ket_qua_tu_0_den_99.xlsx,original_output,ok,90000000__90433000,90000000__90433000,"10.77051,106.70337__10.83842,106.66764","10.77051,106.70337__10.83842,106.66764",directed_pair_key_by_code,10.8,110.0,,2 hr 6 min,,12.9412,99.2,99.2,9.1852,SUSPECT_CHANGED,HIGH
20890,20892,90000000,CN Thành phố Hồ Chí Minh,106.7033737,10.7705105,92000000,CN 5 Thành phố Hồ Chí Minh,106.6738508,10.756692,3.572379008922683,TP. Hồ Chí Minh,209,90,"2 hr
104 km",104.0,2 hr,part/output_part_209/ket_qua_tu_0_den_99.xlsx,original_output,ok,90000000__92000000,90000000__92000000,"10.77051,106.70337__10.75669,106.67385","10.75669,106.67385__10.77051,106.70337",directed_pair_key_by_code,5.2,104.0,,2 hr,,29.1123,98.8,98.8,19.0,SUSPECT_CHANGED,HIGH
20878,20880,90000000,CN Thành phố Hồ Chí Minh,106.7033737,10.7705105,90834000,PGD Văn Thánh,106.7142617,10.8017978,3.676661206685842,TP. Hồ Chí Minh,209,78,"2 hr 6 min
105 km",105.0,2 hr 6 min,part/output_part_209/ket_qua_tu_0_den_99.xlsx,original_output,ok,90000000__90834000,90000000__90834000,"10.77051,106.70337__10.80180,106.71426","10.77051,106.70337__10.80180,106.71426",directed_pair_key_by_code,6.4,105.0,,2 hr 6 min,,28.5585,98.6,98.6,15.4062,SUSPECT_CHANGED,HIGH
20880,20882,90000000,CN Thành phố Hồ Chí Minh,106.7033737,10.7705105,90836000,PGD Nguyễn Lương Bằng,106.7284493,10.7174433,6.50568327380304,TP. Hồ Chí Minh,209,80,"2 hr 5 min
106 km",106.0,2 hr 5 min,part/output_part_209/ket_qua_tu_0_den_99.xlsx,original_output,ok,90000000__90836000,90000000__90836000,"10.77051,106.70337__10.71744,106.72845","10.71744,106.72845__10.77051,106.70337",directed_pair_key_by_code,7.6,106.0,,2 hr 5 min,,16.2934,98.4,98.4,12.9474,SUSPECT_CHANGED,HIGH
19575,19577,88000000,CN Bà Rịa - Vũng Tàu,107.0753056,10.3481944,88030000,PGD Nguyễn An Ninh,107.0898627,10.3656844,2.513501228876144,TP. Hồ Chí Minh,196,75,"1 hr 40 min
101 km",101.0,1 hr 40 min,part/output_part_196/ket_qua_tu_0_den_99.xlsx,original_output,ok,88000000__88030000,88000000__88030000,"10.34819,107.07531__10.36568,107.08986","10.34819,107.07531__10.36568,107.08986",directed_pair_key_by_code,2.7,101.0,,1 hr 40 min,,40.183,98.3,98.3,36.4074,SUSPECT_CHANGED,HIGH
19448,19450,64036000,PGD Bàu Bàng,106.6362417,11.2429544,88034000,PGD Bà Rịa,107.1768403,10.4877553,102.6483910018451,TP. Hồ Chí Minh,195,48,"31 min
19.8 km",19.8,31 min,part/output_part_195/ket_qua_tu_0_den_99.xlsx,original_output,ok,64036000__88034000,64036000__88034000,"11.24295,106.63624__10.48776,107.17684","10.48776,107.17684__11.24295,106.63624",directed_pair_key_by_code,118.0,19.8,,31 min,,0.1929,-98.2,98.2,0.8322,SUSPECT_CHANGED,HIGH
20885,20887,90000000,CN Thành phố Hồ Chí Minh,106.7033737,10.7705105,91033000,PGD Nguyễn Văn Cừ,106.6925748,10.7609209,1.590158528023004,TP. Hồ Chí Minh,209,85,"1 hr 46 min
100 km",100.0,1 hr 46 min,part/output_part_209/ket_qua_tu_0_den_99.xlsx,original_output,ok,90000000__91033000,90000000__91033000,"10.77051,106.70337__10.76092,106.69257","10.76092,106.69257__10.77051,106.70337",directed_pair_key_by_code,1.9,100.0,,1 hr 46 min,,62.8868,98.1,98.1,51.6316,SUSPECT_CHANGED,HIGH
20870,20872,90000000,CN Thành phố Hồ Chí Minh,106.7033737,10.7705105,90600000,CN 3 Thành phố Hồ Chí Minh,106.6819475,10.7697554,2.342025572806159,TP. Hồ Chí Minh,209,70,"1 hr 52 min
101 km",101.0,1 hr 52 min,part/output_part_209/ket_qua_tu_0_den_99.xlsx,original_output,ok,90000000__90600000,90000000__90600000,"10.77051,106.70337__10.76976,106.68195","10.76976,106.68195__10.77051,106.70337",directed_pair_key_by_code,3.0,101.0,,1 hr 52 min,,43.1251,98.0,98.0,32.6667,SUSPECT_CHANGED,HIGH
20768,20770,88041000,PGD Xuyên Mộc,107.4095097,10.5384199,91242000,PGD Hiệp Phước,106.7378846,10.6469072,74.39330131013263,TP. Hồ Chí Minh,208,68,"26 min
8.0 km",8.0,26 min,part/output_part_208/ket_qua_tu_0_den_99.xlsx,original_output,ok,88041000__91242000,88041000__91242000,"10.53842,107.40951__10.64691,106.73788","10.53842,107.40951__10.64691,106.73788",directed_pair_key_by_code,106.0,8.0,,26 min,,0.1075,-98.0,98.0,0.9245,SUSPECT_CHANGED,HIGH
20895,20897,90000000,CN Thành phố Hồ Chí Minh,106.7033737,10.7705105,92038000,PGD Bình Tây,106.6366052,10.7484977,7.69356210301841,TP. Hồ Chí Minh,209,95,"2 hr 4 min
107 km",107.0,2 hr 4 min,part/output_part_209/ket_qua_tu_0_den_99.xlsx,original_output,ok,90000000__92038000,90000000__92038000,"10.77051,106.70337__10.74850,106.63661","10.74850,106.63661__10.77051,106.70337",directed_pair_key_by_code,9.2,107.0,,2 hr 4 min,,13.9077,97.8,97.8,10.6304,SUSPECT_CHANGED,HIGH
20845,20847,90000000,CN Thành phố Hồ Chí Minh,106.7033737,10.7705105,90043000,PGD Đinh Tiên Hoàng,106.6958903,10.7915621,2.479454946750912,TP. Hồ Chí Minh,209,45,"1 hr 48 min
101 km",101.0,1 hr 48 min,part/output_part_209/ket_qua_tu_0_den_99.xlsx,original_output,ok,90000000__90043000,90000000__90043000,"10.77051,106.70337__10.79156,106.69589","10.77051,106.70337__10.79156,106.69589",directed_pair_key_by_code,3.5,101.0,,1 hr 48 min,,40.7348,97.5,97.5,27.8571,SUSPECT_CHANGED,HIGH
20780,20782,88041000,PGD Xuyên Mộc,107.4095097,10.5384199,92330000,PGD Hậu Giang,106.6301338,10.7472151,88.2795497655405,TP. Hồ Chí Minh,208,80,"16 min
4.6 km",4.6,16 min,part/output_part_208/ket_qua_tu_0_den_99.xlsx,original_output,ok,88041000__92330000,88041000__92330000,"10.53842,107.40951__10.74722,106.63013","10.53842,107.40951__10.74722,106.63013",directed_pair_key_by_code,102.0,4.6,,16 min,,0.0521,-97.4,97.4,0.9549,SUSPECT_CHANGED,HIGH
20855,20857,90000000,CN Thành phố Hồ Chí Minh,106.7033737,10.7705105,90200000,CN 1 Thành phố Hồ Chí Minh,106.701474,10.7706429,0.2080375789648704,TP. Hồ Chí Minh,209,55,"1 hr 47 min
97.8 km",97.8,1 hr 47 min,part/output_part_209/ket_qua_tu_0_den_99.xlsx,original_output,ok,90000000__90200000,90000000__90200000,"10.77051,106.70337__10.77064,106.70147","10.77051,106.70337__10.77064,106.70147",directed_pair_key_by_code,0.55,97.8,,1 hr 47 min,,470.1074,97.25,97.25,176.8182,SUSPECT_CHANGED,HIGH
20795,20797,88041000,PGD Xuyên Mộc,107.4095097,10.5384199,92830000,PGD An Nhơn,106.6667107,10.8488493,88.19651691201484,TP. Hồ Chí Minh,208,95,"14 min
5.8 km",5.8,14 min,part/output_part_208/ket_qua_tu_0_den_99.xlsx,original_output,ok,88041000__92830000,88041000__92830000,"10.53842,107.40951__10.84885,106.66671","10.53842,107.40951__10.84885,106.66671",directed_pair_key_by_code,103.0,5.8,,14 min,,0.0658,-97.2,97.2,0.9437,SUSPECT_CHANGED,HIGH
19706,19708,88030000,PGD Nguyễn An Ninh,107.0898627,10.3656844,88031000,PGD Tam Thắng,107.0854444,10.3494722,1.866374823912275,TP. Hồ Chí Minh,198,6,"1 hr 42 min
99.6 km",99.6,1 hr 42 min,part/output_part_198/ket_qua_tu_0_den_99.xlsx,original_output,ok,88030000__88031000,88030000__88031000,"10.36568,107.08986__10.34947,107.08544","10.34947,107.08544__10.36568,107.08986",directed_pair_key_by_code,2.5,99.6,,1 hr 42 min,,53.3655,97.1,97.1,38.84,SUSPECT_CHANGED,HIGH
20843,20845,90000000,CN Thành phố Hồ Chí Minh,106.7033737,10.7705105,90039000,PGD An Đông,106.6728395,10.7574677,3.637169428838979,TP. Hồ Chí Minh,209,43,"1 hr 47 min
102 km",102.0,1 hr 47 min,part/output_part_209/ket_qua_tu_0_den_99.xlsx,original_output,ok,90000000__90039000,90000000__90039000,"10.77051,106.70337__10.75747,106.67284","10.75747,106.67284__10.77051,106.70337",directed_pair_key_by_code,5.0,102.0,,1 hr 47 min,,28.0438,97.0,97.0,19.4,SUSPECT_CHANGED,HIGH
20776,20778,88041000,PGD Xuyên Mộc,107.4095097,10.5384199,92230000,PGD Tháp Mười,106.6510538,10.7501355,86.16372112082087,TP. Hồ Chí Minh,208,76,"8 min
2.9 km",2.9,8 min,part/output_part_208/ket_qua_tu_0_den_99.xlsx,original_output,ok,88041000__92230000,88041000__92230000,"10.53842,107.40951__10.75014,106.65105","10.53842,107.40951__10.75014,106.65105",directed_pair_key_by_code,99.9,2.9,,8 min,,0.0337,-97.0,97.0,0.971,SUSPECT_CHANGED,HIGH
20891,20893,90000000,CN Thành phố Hồ Chí Minh,106.7033737,10.7705105,92030000,PGD Hòa Bình,106.6749817,10.7525802,3.687079226303703,TP. Hồ Chí Minh,209,91,"1 hr 52 min
101 km",101.0,1 hr 52 min,part/output_part_209/ket_qua_tu_0_den_99.xlsx,original_output,ok,90000000__92030000,90000000__92030000,"10.77051,106.70337__10.75258,106.67498","10.75258,106.67498__10.77051,106.70337",directed_pair_key_by_code,4.3,101.0,,1 hr 52 min,,27.393,96.7,96.7,22.4884,SUSPECT_CHANGED,HIGH
20782,20784,88041000,PGD Xuyên Mộc,107.4095097,10.5384199,92333000,PGD Lạc Long Quân,106.6507963,10.7841392,87.29491950602734,TP. Hồ Chí Minh,208,82,"15 min
5.4 km",5.4,15 min,part/output_part_208/ket_qua_tu_0_den_99.xlsx,original_output,ok,88041000__92333000,88041000__92333000,"10.53842,107.40951__10.78414,106.65080","10.53842,107.40951__10.78414,106.65080",directed_pair_key_by_code,102.0,5.4,,15 min,,0.0619,-96.6,96.6,0.9471,SUSPECT_CHANGED,HIGH
20873,20875,90000000,CN Thành phố Hồ Chí Minh,106.7033737,10.7705105,90635000,PGD Đô Thành,106.6756618,10.7892362,3.674044969853082,TP. Hồ Chí Minh,209,73,"1 hr 51 min
101 km",101.0,1 hr 51 min,part/output_part_209/ket_qua_tu_0_den_99.xlsx,original_output,ok,90000000__90635000,90000000__90635000,"10.77051,106.70337__10.78924,106.67566","10.77051,106.70337__10.78924,106.67566",directed_pair_key_by_code,4.4,101.0,,1 hr 51 min,,27.4901,96.6,96.6,21.9545,SUSPECT_CHANGED,HIGH
20781,20783,88041000,PGD Xuyên Mộc,107.4095097,10.5384199,92332000,PGD Bình Trị Đông,106.61727,10.7517545,89.76804705491573,TP. Hồ Chí Minh,208,81,"19 min
7.4 km",7.4,19 min,part/output_part_208/ket_qua_tu_0_den_99.xlsx,original_output,ok,88041000__92332000,88041000__92332000,"10.53842,107.40951__10.75175,106.61727","10.53842,107.40951__10.75175,106.61727",directed_pair_key_by_code,104.0,7.4,,19 min,,0.0824,-96.6,96.6,0.9288,SUSPECT_CHANGED,HIGH
20893,20895,90000000,CN Thành phố Hồ Chí Minh,106.7033737,10.7705105,92033000,PGD Hoa Việt,106.6587496,10.7525874,5.266376148615159,TP. Hồ Chí Minh,209,93,"2 hr
103 km",103.0,2 hr,part/output_part_209/ket_qua_tu_0_den_99.xlsx,original_output,ok,90000000__92033000,90000000__92033000,"10.77051,106.70337__10.75259,106.65875","10.75259,106.65875__10.77051,106.70337",directed_pair_key_by_code,6.7,103.0,,2 hr,,19.558,96.3,96.3,14.3731,SUSPECT_CHANGED,HIGH
20865,20867,90000000,CN Thành phố Hồ Chí Minh,106.7033737,10.7705105,90334000,PGD Vinhomes Tân Cảng,106.7210417,10.7941608,3.261960102690419,TP. Hồ Chí Minh,209,65,"1 hr 50 min
101 km",101.0,1 hr 50 min,part/output_part_209/ket_qua_tu_0_den_99.xlsx,original_output,ok,90000000__90334000,90000000__90334000,"10.77051,106.70337__10.79416,106.72104","10.77051,106.70337__10.79416,106.72104",directed_pair_key_by_code,4.8,101.0,,1 hr 50 min,,30.963,96.2,96.2,20.0417,SUSPECT_CHANGED,HIGH
20871,20873,90000000,CN Thành phố Hồ Chí Minh,106.7033737,10.7705105,90630000,PGD Ba Tháng Hai,106.6689899,10.7688156,3.760692233560908,TP. Hồ Chí Minh,209,71,"1 hr 54 min
102 km",102.0,1 hr 54 min,part/output_part_209/ket_qua_tu_0_den_99.xlsx,original_output,ok,90000000__90630000,90000000__90630000,"10.77051,106.70337__10.76882,106.66899","10.76882,106.66899__10.77051,106.70337",directed_pair_key_by_code,5.9,102.0,,1 hr 54 min,,27.1227,96.1,96.1,16.2881,SUSPECT_CHANGED,HIGH
20899,20901,90000000,CN Thành phố Hồ Chí Minh,106.7033737,10.7705105,92233000,PGD Bình Thới,106.6552691,10.7644821,5.29739973993038,TP. Hồ Chí Minh,209,99,"1 hr 54 min
104 km",104.0,1 hr 54 min,part/output_part_209/ket_qua_tu_0_den_99.xlsx,original_output,ok,90000000__92233000,90000000__92233000,"10.77051,106.70337__10.76448,106.65527","10.76448,106.65527__10.77051,106.70337",directed_pair_key_by_code,8.2,104.0,,1 hr 54 min,,19.6323,95.8,95.8,11.6829,SUSPECT_CHANGED,HIGH
20876,20878,90000000,CN Thành phố Hồ Chí Minh,106.7033737,10.7705105,90830000,PGD KCX Tân Thuận,106.7306059,10.736381,4.822070780926259,TP. Hồ Chí Minh,209,76,"2 hr
104 km",104.0,2 hr,part/output_part_209/ket_qua_tu_0_den_99.xlsx,original_output,ok,90000000__90830000,90000000__90830000,"10.77051,106.70337__10.73638,106.73061","10.73638,106.73061__10.77051,106.70337",directed_pair_key_by_code,8.3,104.0,,2 hr,,21.5675,95.7,95.7,11.5301,SUSPECT_CHANGED,HIGH
20793,20795,88041000,PGD Xuyên Mộc,107.4095097,10.5384199,92636000,PGD LaKai,106.6683425,10.7614071,84.70477674178917,TP. Hồ Chí Minh,208,93,"10 min
3.9 km",3.9,10 min,part/output_part_208/ket_qua_tu_0_den_99.xlsx,original_output,ok,88041000__92636000,88041000__92636000,"10.53842,107.40951__10.76141,106.66834","10.53842,107.40951__10.76141,106.66834",directed_pair_key_by_code,99.6,3.9,,10 min,,0.046,-95.7,95.7,0.9608,SUSPECT_CHANGED,HIGH
19806,19808,88030000,PGD Nguyễn An Ninh,107.0898627,10.3656844,94031000,PGD Ngô Gia Tự,106.6748391,10.7670545,63.63913558055885,TP. Hồ Chí Minh,199,6,"5 min
2.5 km",2.5,5 min,part/output_part_199/ket_qua_tu_0_den_99.xlsx,original_output,ok,88030000__94031000,88030000__94031000,"10.36568,107.08986__10.76705,106.67484","10.36568,107.08986__10.76705,106.67484",directed_pair_key_by_code,98.2,2.5,,5 min,,0.0393,-95.7,95.7,0.9745,SUSPECT_CHANGED,HIGH
19450,19452,64036000,PGD Bàu Bàng,106.6362417,11.2429544,88039000,PGD Châu Đức,107.2451534,10.6454008,93.98950470068255,TP. Hồ Chí Minh,195,50,"29 min
18.3 km",18.3,29 min,part/output_part_195/ket_qua_tu_0_den_99.xlsx,original_output,ok,64036000__88039000,64036000__88039000,"11.24295,106.63624__10.64540,107.24515","10.64540,107.24515__11.24295,106.63624",directed_pair_key_by_code,114.0,18.3,,29 min,,0.1947,-95.7,95.7,0.8395,SUSPECT_CHANGED,HIGH
20797,20799,88041000,PGD Xuyên Mộc,107.4095097,10.5384199,92835000,PGD Cây Trâm,106.6478401,10.8439536,89.89099668650164,TP. Hồ Chí Minh,208,97,"18 min
7.4 km",7.4,18 min,part/output_part_208/ket_qua_tu_0_den_99.xlsx,original_output,ok,88041000__92835000,88041000__92835000,"10.53842,107.40951__10.84395,106.64784","10.53842,107.40951__10.84395,106.64784",directed_pair_key_by_code,103.0,7.4,,18 min,,0.0823,-95.6,95.6,0.9282,SUSPECT_CHANGED,HIGH
20856,20858,90000000,CN Thành phố Hồ Chí Minh,106.7033737,10.7705105,90233000,PGD Sala,106.7243851,10.769637,2.297263459622654,TP. Hồ Chí Minh,209,56,"1 hr 46 min
99.5 km",99.5,1 hr 46 min,part/output_part_209/ket_qua_tu_0_den_99.xlsx,original_output,ok,90000000__90233000,90000000__90233000,"10.77051,106.70337__10.76964,106.72439","10.76964,106.72439__10.77051,106.70337",directed_pair_key_by_code,4.0,99.5,,1 hr 46 min,,43.3124,95.5,95.5,23.875,SUSPECT_CHANGED,HIGH
20771,20773,88041000,PGD Xuyên Mộc,107.4095097,10.5384199,92031000,PGD Phan Phú Tiên,106.6654307,10.7522131,84.71772749387318,TP. Hồ Chí Minh,208,71,"11 min
2.6 km",2.6,11 min,part/output_part_208/ket_qua_tu_0_den_99.xlsx,original_output,ok,88041000__92031000,88041000__92031000,"10.53842,107.40951__10.75221,106.66543","10.53842,107.40951__10.75221,106.66543",directed_pair_key_by_code,98.0,2.6,,11 min,,0.0307,-95.4,95.4,0.9735,SUSPECT_CHANGED,HIGH
20857,20859,90000000,CN Thành phố Hồ Chí Minh,106.7033737,10.7705105,90235000,PGD Trần Hưng Đạo,106.6935312,10.7656379,1.203968219270957,TP. Hồ Chí Minh,209,57,"1 hr 35 min
97.0 km",97.0,1 hr 35 min,part/output_part_209/ket_qua_tu_0_den_99.xlsx,original_output,ok,90000000__90235000,90000000__90235000,"10.77051,106.70337__10.76564,106.69353","10.76564,106.69353__10.77051,106.70337",directed_pair_key_by_code,2.0,97.0,,1 hr 35 min,,80.5669,95.0,95.0,47.5,SUSPECT_CHANGED,HIGH
20772,20774,88041000,PGD Xuyên Mộc,107.4095097,10.5384199,92033000,PGD Hoa Việt,106.6587496,10.7525874,85.43030091474677,TP. Hồ Chí Minh,208,72,"17 min
4.2 km",4.2,17 min,part/output_part_208/ket_qua_tu_0_den_99.xlsx,original_output,ok,88041000__92033000,88041000__92033000,"10.53842,107.40951__10.75259,106.65875","10.53842,107.40951__10.75259,106.65875",directed_pair_key_by_code,99.0,4.2,,17 min,,0.0492,-94.8,94.8,0.9576,SUSPECT_CHANGED,HIGH
20860,20862,90000000,CN Thành phố Hồ Chí Minh,106.7033737,10.7705105,90300000,CN Thủ Thiêm,106.7293726,10.7875464,3.413747165320013,TP. Hồ Chí Minh,209,60,"1 hr 51 min
100.0 km",100.0,1 hr 51 min,part/output_part_209/ket_qua_tu_0_den_99.xlsx,original_output,ok,90000000__90300000,90000000__90300000,"10.77051,106.70337__10.78755,106.72937","10.77051,106.70337__10.78755,106.72937",directed_pair_key_by_code,5.3,100.0,,1 hr 51 min,,29.2933,94.7,94.7,17.8679,SUSPECT_CHANGED,HIGH
20866,20868,90000000,CN Thành phố Hồ Chí Minh,106.7033737,10.7705105,90400000,CN 2 Thành phố Hồ Chí Minh,106.682211,10.7959893,3.656530010878408,TP. Hồ Chí Minh,209,66,"1 hr 47 min
99.1 km",99.1,1 hr 47 min,part/output_part_209/ket_qua_tu_0_den_99.xlsx,original_output,ok,90000000__90400000,90000000__90400000,"10.77051,106.70337__10.79599,106.68221","10.77051,106.70337__10.79599,106.68221",directed_pair_key_by_code,4.4,99.1,,1 hr 47 min,,27.1022,94.7,94.7,21.5227,SUSPECT_CHANGED,HIGH
20798,20800,88041000,PGD Xuyên Mộc,107.4095097,10.5384199,92836000,PGD Hạnh Thông Tây,106.6595606,10.8359748,88.3716813882721,TP. Hồ Chí Minh,208,98,"23 min
6.5 km",6.5,23 min,part/output_part_208/ket_qua_tu_0_den_99.xlsx,original_output,ok,88041000__92836000,88041000__92836000,"10.53842,107.40951__10.83597,106.65956","10.53842,107.40951__10.83597,106.65956",directed_pair_key_by_code,101.0,6.5,,23 min,,0.0736,-94.5,94.5,0.9356,SUSPECT_CHANGED,HIGH
20792,20794,88041000,PGD Xuyên Mộc,107.4095097,10.5384199,92633000,PGD Bình Đăng,106.6559066,10.7348645,85.20463607371323,TP. Hồ Chí Minh,208,92,"18 min
6.7 km",6.7,18 min,part/output_part_208/ket_qua_tu_0_den_99.xlsx,original_output,ok,88041000__92633000,88041000__92633000,"10.53842,107.40951__10.73486,106.65591","10.53842,107.40951__10.73486,106.65591",directed_pair_key_by_code,101.0,6.7,,18 min,,0.0786,-94.3,94.3,0.9337,SUSPECT_CHANGED,HIGH
19349,19351,64035000,PGD Tân Đông Hiệp,106.7422824,10.9280524,90431000,PGD Phú Nhuận,106.680485,10.799081,15.84944807645752,TP. Hồ Chí Minh,194,49,"2 hr 41 min
114 km",114.0,2 hr 41 min,part/output_part_194/ket_qua_tu_0_den_99.xlsx,original_output,ok,64035000__90431000,64035000__90431000,"10.92805,106.74228__10.79908,106.68049","10.79908,106.68049__10.92805,106.74228",directed_pair_key_by_code,19.8,114.0,,2 hr 41 min,,7.1927,94.2,94.2,4.7576,SUSPECT_CHANGED,HIGH
20883,20885,90000000,CN Thành phố Hồ Chí Minh,106.7033737,10.7705105,91031000,PGD Trần Xuân Soạn,106.7055348,10.7517129,2.103490295415603,TP. Hồ Chí Minh,209,83,"1 hr 44 min
99.0 km",99.0,1 hr 44 min,part/output_part_209/ket_qua_tu_0_den_99.xlsx,original_output,ok,90000000__91031000,90000000__91031000,"10.77051,106.70337__10.75171,106.70553","10.75171,106.70553__10.77051,106.70337",directed_pair_key_by_code,4.9,99.0,,1 hr 44 min,,47.0646,94.1,94.1,19.2041,SUSPECT_CHANGED,HIGH
20869,20871,90000000,CN Thành phố Hồ Chí Minh,106.7033737,10.7705105,90434000,PGD Thái Sơn,106.687313,10.824671,6.272676876938037,TP. Hồ Chí Minh,209,69,"1 hr 55 min
102 km",102.0,1 hr 55 min,part/output_part_209/ket_qua_tu_0_den_99.xlsx,original_output,ok,90000000__90434000,90000000__90434000,"10.77051,106.70337__10.82467,106.68731","10.77051,106.70337__10.82467,106.68731",directed_pair_key_by_code,8.0,102.0,,1 hr 55 min,,16.261,94.0,94.0,11.75,SUSPECT_CHANGED,HIGH
19577,19579,88000000,CN Bà Rịa - Vũng Tàu,107.0753056,10.3481944,88032000,PGD Thắng Nhất,107.1119125,10.3980829,6.841418049188691,TP. Hồ Chí Minh,196,77,"1 hr 41 min
102 km",102.0,1 hr 41 min,part/output_part_196/ket_qua_tu_0_den_99.xlsx,original_output,ok,88000000__88032000,88000000__88032000,"10.34819,107.07531__10.39808,107.11191","10.34819,107.07531__10.39808,107.11191",directed_pair_key_by_code,8.0,102.0,,1 hr 41 min,,14.9092,94.0,94.0,11.75,SUSPECT_CHANGED,HIGH
19707,19709,88030000,PGD Nguyễn An Ninh,107.0898627,10.3656844,88032000,PGD Thắng Nhất,107.1119125,10.3980829,4.335278347374629,TP. Hồ Chí Minh,198,7,"1 hr 39 min
99.8 km",99.8,1 hr 39 min,part/output_part_198/ket_qua_tu_0_den_99.xlsx,original_output,ok,88030000__88032000,88030000__88032000,"10.36568,107.08986__10.39808,107.11191","10.36568,107.08986__10.39808,107.11191",directed_pair_key_by_code,5.9,99.8,,1 hr 39 min,,23.0204,93.9,93.9,15.9153,SUSPECT_CHANGED,HIGH
20778,20780,88041000,PGD Xuyên Mộc,107.4095097,10.5384199,92233000,PGD Bình Thới,106.6552691,10.7644821,86.17059129063301,TP. Hồ Chí Minh,208,78,"28 min
7.3 km",7.3,28 min,part/output_part_208/ket_qua_tu_0_den_99.xlsx,original_output,ok,88041000__92233000,88041000__92233000,"10.53842,107.40951__10.76448,106.65527","10.53842,107.40951__10.76448,106.65527",directed_pair_key_by_code,101.0,7.3,,28 min,,0.0847,-93.7,93.7,0.9277,SUSPECT_CHANGED,HIGH
20784,20786,88041000,PGD Xuyên Mộc,107.4095097,10.5384199,92430000,PGD Thạnh Mỹ Tây,106.7088421,10.7941214,81.6734490588551,TP. Hồ Chí Minh,208,84,"5 min
1.9 km",1.9,5 min,part/output_part_208/ket_qua_tu_0_den_99.xlsx,original_output,ok,88041000__92430000,88041000__92430000,"10.53842,107.40951__10.79412,106.70884","10.53842,107.40951__10.79412,106.70884",directed_pair_key_by_code,95.5,1.9,,5 min,,0.0233,-93.6,93.6,0.9801,SUSPECT_CHANGED,HIGH
20862,20864,90000000,CN Thành phố Hồ Chí Minh,106.7033737,10.7705105,90331000,PGD Bình Trưng Tây,106.7566664,10.788686,6.162165364206144,TP. Hồ Chí Minh,209,62,"1 hr 53 min
102 km",102.0,1 hr 53 min,part/output_part_209/ket_qua_tu_0_den_99.xlsx,original_output,ok,90000000__90331000,90000000__90331000,"10.77051,106.70337__10.78869,106.75667","10.77051,106.70337__10.78869,106.75667",directed_pair_key_by_code,8.5,102.0,,1 hr 53 min,,16.5526,93.5,93.5,11.0,SUSPECT_CHANGED,HIGH
19807,19809,88030000,PGD Nguyễn An Ninh,107.0898627,10.3656844,94032000,PGD Ngô Quyền,106.664916,10.7625387,64.07023465262549,TP. Hồ Chí Minh,199,7,"9 min
5.9 km",5.9,9 min,part/output_part_199/ket_qua_tu_0_den_99.xlsx,original_output,ok,88030000__94032000,88030000__94032000,"10.36568,107.08986__10.76254,106.66492","10.36568,107.08986__10.76254,106.66492",directed_pair_key_by_code,99.3,5.9,,9 min,,0.0921,-93.4,93.4,0.9406,SUSPECT_CHANGED,HIGH
20773,20775,88041000,PGD Xuyên Mộc,107.4095097,10.5384199,92037000,PGD Nancy,106.68175,10.7565278,83.14563107304302,TP. Hồ Chí Minh,208,73,"14 min
3.1 km",3.1,14 min,part/output_part_208/ket_qua_tu_0_den_99.xlsx,original_output,ok,88041000__92037000,88041000__92037000,"10.53842,107.40951__10.75653,106.68175","10.53842,107.40951__10.75653,106.68175",directed_pair_key_by_code,96.3,3.1,,14 min,,0.0373,-93.2,93.2,0.9678,SUSPECT_CHANGED,HIGH
20756,20758,88041000,PGD Xuyên Mộc,107.4095097,10.5384199,90831000,PGD Bến Vân Đồn,106.6936118,10.7582238,81.96244055584417,TP. Hồ Chí Minh,208,56,"7 min
2.0 km",2.0,7 min,part/output_part_208/ket_qua_tu_0_den_99.xlsx,original_output,ok,88041000__90831000,88041000__90831000,"10.53842,107.40951__10.75822,106.69361","10.53842,107.40951__10.75822,106.69361",directed_pair_key_by_code,95.1,2.0,,7 min,,0.0244,-93.1,93.1,0.979,SUSPECT_CHANGED,HIGH
20777,20779,88041000,PGD Xuyên Mộc,107.4095097,10.5384199,92231000,PGD Chợ Lớn,106.6529332,10.7505148,85.97768006394013,TP. Hồ Chí Minh,208,77,"18 min
6.5 km",6.5,18 min,part/output_part_208/ket_qua_tu_0_den_99.xlsx,original_output,ok,88041000__92231000,88041000__92231000,"10.53842,107.40951__10.75051,106.65293","10.53842,107.40951__10.75051,106.65293",directed_pair_key_by_code,99.5,6.5,,18 min,,0.0756,-93.0,93.0,0.9347,SUSPECT_CHANGED,HIGH
20886,20888,90000000,CN Thành phố Hồ Chí Minh,106.7033737,10.7705105,91034000,PGD Trung Sơn,106.6897068,10.7315771,4.579420698457008,TP. Hồ Chí Minh,209,86,"1 hr 43 min
99.7 km",99.7,1 hr 43 min,part/output_part_209/ket_qua_tu_0_den_99.xlsx,original_output,ok,90000000__91034000,90000000__91034000,"10.77051,106.70337__10.73158,106.68971","10.73158,106.68971__10.77051,106.70337",directed_pair_key_by_code,6.9,99.7,,1 hr 43 min,,21.7713,92.8,92.8,13.4493,SUSPECT_CHANGED,HIGH
19677,19679,88000000,CN Bà Rịa - Vũng Tàu,107.0753056,10.3481944,94032000,PGD Ngô Quyền,106.664916,10.7625387,64.30579497783104,TP. Hồ Chí Minh,197,77,"13 min
9.2 km",9.2,13 min,part/output_part_197/ket_qua_tu_0_den_99.xlsx,original_output,ok,88000000__94032000,88000000__94032000,"10.34819,107.07531__10.76254,106.66492","10.34819,107.07531__10.76254,106.66492",directed_pair_key_by_code,102.0,9.2,,13 min,,0.1431,-92.8,92.8,0.9098,SUSPECT_CHANGED,HIGH
28990,28992,17230000,PGD Chợ Mới,105.780785,21.881716,22038000,PGD Phú Lương,105.7056806,21.7280313,18.76576177656483,Thái Nguyên,290,90,"31 min
24.3 km",24.3,31 min,part/output_part_290/ket_qua_tu_0_den_99.xlsx,original_output,ok,17230000__22038000,17230000__22038000,"21.88172,105.78078__21.72803,105.70568","21.72803,105.70568__21.88172,105.78078",directed_pair_key_by_code,117.0,24.3,,31 min,,1.2949,-92.7,92.7,0.7923,SUSPECT_CHANGED,HIGH
20765,20767,88041000,PGD Xuyên Mộc,107.4095097,10.5384199,91034000,PGD Trung Sơn,106.6897068,10.7315771,81.54311156661372,TP. Hồ Chí Minh,208,65,"16 min
4.4 km",4.4,16 min,part/output_part_208/ket_qua_tu_0_den_99.xlsx,original_output,ok,88041000__91034000,88041000__91034000,"10.53842,107.40951__10.73158,106.68971","10.53842,107.40951__10.73158,106.68971",directed_pair_key_by_code,97.1,4.4,,16 min,,0.054,-92.7,92.7,0.9547,SUSPECT_CHANGED,HIGH
18918,18920,64032000,PGD Mỹ Phước,106.6070371,11.1326431,88041000,PGD Xuyên Mộc,107.4095097,10.5384199,109.7568701644555,TP. Hồ Chí Minh,190,18,"1 hr 11 min
45.6 km",45.6,1 hr 11 min,part/output_part_190/ket_qua_tu_0_den_99.xlsx,original_output,ok,64032000__88041000,64032000__88041000,"11.13264,106.60704__10.53842,107.40951","10.53842,107.40951__11.13264,106.60704",directed_pair_key_by_code,138.0,45.6,,1 hr 11 min,,0.4155,-92.4,92.4,0.6696,SUSPECT_CHANGED,HIGH
20840,20842,90000000,CN Thành phố Hồ Chí Minh,106.7033737,10.7705105,90030000,PGD Bến Thành,106.6975114,10.7719804,0.6609033544341025,TP. Hồ Chí Minh,209,40,"1 hr 33 min
93.3 km",93.3,1 hr 33 min,part/output_part_209/ket_qua_tu_0_den_99.xlsx,original_output,ok,90000000__90030000,90000000__90030000,"10.77051,106.70337__10.77198,106.69751","10.77051,106.70337__10.77198,106.69751",directed_pair_key_by_code,0.95,93.3,,1 hr 33 min,,141.1704,92.35,92.35,97.2105,SUSPECT_CHANGED,HIGH
20888,20890,90000000,CN Thành phố Hồ Chí Minh,106.7033737,10.7705105,91232000,PGD Tân Phú,106.64491,10.778592,6.449181365363475,TP. Hồ Chí Minh,209,88,"1 hr 57 min
103 km",103.0,1 hr 57 min,part/output_part_209/ket_qua_tu_0_den_99.xlsx,original_output,ok,90000000__91232000,90000000__91232000,"10.77051,106.70337__10.77859,106.64491","10.77051,106.70337__10.77859,106.64491",directed_pair_key_by_code,10.7,103.0,,1 hr 57 min,,15.971,92.3,92.3,8.6262,SUSPECT_CHANGED,HIGH
20861,20863,90000000,CN Thành phố Hồ Chí Minh,106.7033737,10.7705105,90330000,PGD An Phú,106.7385273,10.7978598,4.898260037066202,TP. Hồ Chí Minh,209,61,"1 hr 46 min
99.1 km",99.1,1 hr 46 min,part/output_part_209/ket_qua_tu_0_den_99.xlsx,original_output,ok,90000000__90330000,90000000__90330000,"10.77051,106.70337__10.79786,106.73853","10.77051,106.70337__10.79786,106.73853",directed_pair_key_by_code,6.9,99.1,,1 hr 46 min,,20.2317,92.2,92.2,13.3623,SUSPECT_CHANGED,HIGH
20767,20769,88041000,PGD Xuyên Mộc,107.4095097,10.5384199,91232000,PGD Tân Phú,106.64491,10.778592,87.71702760667476,TP. Hồ Chí Minh,208,67,"33 min
10.8 km",10.8,33 min,part/output_part_208/ket_qua_tu_0_den_99.xlsx,original_output,ok,88041000__91232000,88041000__91232000,"10.53842,107.40951__10.77859,106.64491","10.53842,107.40951__10.77859,106.64491",directed_pair_key_by_code,103.0,10.8,,33 min,,0.1231,-92.2,92.2,0.8951,SUSPECT_CHANGED,HIGH
28986,28988,17230000,PGD Chợ Mới,105.780785,21.881716,22033000,PGD Đại Phúc,105.6381777,21.6326242,31.36987700483949,Thái Nguyên,290,86,"1 hr
45.8 km",45.8,1 hr,part/output_part_290/ket_qua_tu_0_den_99.xlsx,original_output,ok,17230000__22033000,17230000__22033000,"21.88172,105.78078__21.63262,105.63818","21.63262,105.63818__21.88172,105.78078",directed_pair_key_by_code,138.0,45.8,,1 hr,,1.46,-92.2,92.2,0.6681,SUSPECT_CHANGED,HIGH
20770,20772,88041000,PGD Xuyên Mộc,107.4095097,10.5384199,92030000,PGD Hòa Bình,106.6749817,10.7525802,83.72798517565143,TP. Hồ Chí Minh,208,70,"16 min
4.6 km",4.6,16 min,part/output_part_208/ket_qua_tu_0_den_99.xlsx,original_output,ok,88041000__92030000,88041000__92030000,"10.53842,107.40951__10.75258,106.67498","10.53842,107.40951__10.75258,106.67498",directed_pair_key_by_code,96.6,4.6,,16 min,,0.0549,-92.0,92.0,0.9524,SUSPECT_CHANGED,HIGH
20789,20791,88041000,PGD Xuyên Mộc,107.4095097,10.5384199,92630000,PGD Hưng Phú,106.6785721,10.7502016,83.27702259705303,TP. Hồ Chí Minh,208,89,"14 min
5.2 km",5.2,14 min,part/output_part_208/ket_qua_tu_0_den_99.xlsx,original_output,ok,88041000__92630000,88041000__92630000,"10.53842,107.40951__10.75020,106.67857","10.53842,107.40951__10.75020,106.67857",directed_pair_key_by_code,96.8,5.2,,14 min,,0.0624,-91.6,91.6,0.9463,SUSPECT_CHANGED,HIGH
18499,18501,64000000,CN Bình Dương,106.6670338,10.982933,88030000,PGD Nguyễn An Ninh,107.0898627,10.3656844,82.73723886697672,TP. Hồ Chí Minh,185,99,"29 min
21.5 km",21.5,29 min,part/output_part_185/ket_qua_tu_0_den_99.xlsx,original_output,ok,64000000__88030000,64000000__88030000,"10.98293,106.66703__10.36568,107.08986","10.36568,107.08986__10.98293,106.66703",directed_pair_key_by_code,113.0,21.5,,29 min,,0.2599,-91.5,91.5,0.8097,SUSPECT_CHANGED,HIGH
28982,28984,17230000,PGD Chợ Mới,105.780785,21.881716,22000000,CN Thái Nguyên,105.8333839,21.5921491,32.65354144077946,Thái Nguyên,290,82,"53 min
42.6 km",42.6,53 min,part/output_part_290/ket_qua_tu_0_den_99.xlsx,original_output,ok,17230000__22000000,17230000__22000000,"21.88172,105.78078__21.59215,105.83338","21.59215,105.83338__21.88172,105.78078",directed_pair_key_by_code,134.0,42.6,,53 min,,1.3046,-91.4,91.4,0.6821,SUSPECT_CHANGED,HIGH
29002,29004,17230000,PGD Chợ Mới,105.780785,21.881716,22433000,PGD Cách mạng tháng 8,105.851061,21.5734965,35.03282845228787,Thái Nguyên,291,2,"58 min
48.6 km",48.6,58 min,part/output_part_291/ket_qua_tu_0_den_99.xlsx,original_output,ok,17230000__22433000,17230000__22433000,"21.88172,105.78078__21.57350,105.85106","21.57350,105.85106__21.88172,105.78078",directed_pair_key_by_code,140.0,48.6,,58 min,,1.3873,-91.4,91.4,0.6529,SUSPECT_CHANGED,HIGH
28983,28985,17230000,PGD Chợ Mới,105.780785,21.881716,22030000,PGD Lương Ngọc Quyến,105.8269371,21.5903786,32.74414178130905,Thái Nguyên,290,83,"52 min
41.7 km",41.7,52 min,part/output_part_290/ket_qua_tu_0_den_99.xlsx,original_output,ok,17230000__22030000,17230000__22030000,"21.88172,105.78078__21.59038,105.82694","21.59038,105.82694__21.88172,105.78078",directed_pair_key_by_code,133.0,41.7,,52 min,,1.2735,-91.3,91.3,0.6865,SUSPECT_CHANGED,HIGH
29001,29003,17230000,PGD Chợ Mới,105.780785,21.881716,22432000,PGD Đồng Tiến,105.8857664,21.4123732,53.30455420050509,Thái Nguyên,291,1,"1 hr 9 min
65.9 km",65.9,1 hr 9 min,part/output_part_291/ket_qua_tu_0_den_99.xlsx,original_output,ok,17230000__22432000,17230000__22432000,"21.88172,105.78078__21.41237,105.88577","21.41237,105.88577__21.88172,105.78078",directed_pair_key_by_code,157.0,65.9,,1 hr 9 min,,1.2363,-91.1,91.1,0.5803,SUSPECT_CHANGED,HIGH
28994,28996,17230000,PGD Chợ Mới,105.780785,21.881716,22231000,PGD Phố Cò,105.8588647,21.4466577,49.04462970937973,Thái Nguyên,290,94,"1 hr 6 min
59.9 km",59.9,1 hr 6 min,part/output_part_290/ket_qua_tu_0_den_99.xlsx,original_output,ok,17230000__22231000,17230000__22231000,"21.88172,105.78078__21.44666,105.85886","21.44666,105.85886__21.88172,105.78078",directed_pair_key_by_code,151.0,59.9,,1 hr 6 min,,1.2213,-91.1,91.1,0.6033,SUSPECT_CHANGED,HIGH
28989,28991,17230000,PGD Chợ Mới,105.780785,21.881716,22037000,PGD Tân Long,105.795553,21.6165884,29.5203133227484,Thái Nguyên,290,89,"44 min
37.0 km",37.0,44 min,part/output_part_290/ket_qua_tu_0_den_99.xlsx,original_output,ok,17230000__22037000,17230000__22037000,"21.88172,105.78078__21.61659,105.79555","21.61659,105.79555__21.88172,105.78078",directed_pair_key_by_code,128.0,37.0,,44 min,,1.2534,-91.0,91.0,0.7109,SUSPECT_CHANGED,HIGH
28996,28998,17230000,PGD Chợ Mới,105.780785,21.881716,22233000,PGD TTTM Phổ Yên,105.8723594,21.4066434,53.66691337085533,Thái Nguyên,290,96,"1 hr 9 min
66.0 km",66.0,1 hr 9 min,part/output_part_290/ket_qua_tu_0_den_99.xlsx,original_output,ok,17230000__22233000,17230000__22233000,"21.88172,105.78078__21.40664,105.87236","21.40664,105.87236__21.88172,105.78078",directed_pair_key_by_code,157.0,66.0,,1 hr 9 min,,1.2298,-91.0,91.0,0.5796,SUSPECT_CHANGED,HIGH
28987,28989,17230000,PGD Chợ Mới,105.780785,21.881716,22034000,PGD Chợ Thái,105.8444373,21.5980113,32.22434885270601,Thái Nguyên,290,87,"54 min
43.0 km",43.0,54 min,part/output_part_290/ket_qua_tu_0_den_99.xlsx,original_output,ok,17230000__22034000,17230000__22034000,"21.88172,105.78078__21.59801,105.84444","21.59801,105.84444__21.88172,105.78078",directed_pair_key_by_code,134.0,43.0,,54 min,,1.3344,-91.0,91.0,0.6791,SUSPECT_CHANGED,HIGH
20791,20793,88041000,PGD Xuyên Mộc,107.4095097,10.5384199,92632000,PGD Rạch Ông,106.6853914,10.7475944,82.4805883463189,TP. Hồ Chí Minh,208,91,"13 min
5.6 km",5.6,13 min,part/output_part_208/ket_qua_tu_0_den_99.xlsx,original_output,ok,88041000__92632000,88041000__92632000,"10.53842,107.40951__10.74759,106.68539","10.53842,107.40951__10.74759,106.68539",directed_pair_key_by_code,96.6,5.6,,13 min,,0.0679,-91.0,91.0,0.942,SUSPECT_CHANGED,HIGH
28997,28999,17230000,PGD Chợ Mới,105.780785,21.881716,22234000,PGD Thanh Xuyên,105.874039,21.3675576,57.97883020883957,Thái Nguyên,290,97,"1 hr 14 min
70.1 km",70.1,1 hr 14 min,part/output_part_290/ket_qua_tu_0_den_99.xlsx,original_output,ok,17230000__22234000,17230000__22234000,"21.88172,105.78078__21.36756,105.87404","21.36756,105.87404__21.88172,105.78078",directed_pair_key_by_code,161.0,70.1,,1 hr 14 min,,1.2091,-90.9,90.9,0.5646,SUSPECT_CHANGED,HIGH
28993,28995,17230000,PGD Chợ Mới,105.780785,21.881716,22230000,PGD Ba Hàng,105.8679716,21.4241285,51.67316109265061,Thái Nguyên,290,93,"1 hr 9 min
62.2 km",62.2,1 hr 9 min,part/output_part_290/ket_qua_tu_0_den_99.xlsx,original_output,ok,17230000__22230000,17230000__22230000,"21.88172,105.78078__21.42413,105.86797","21.42413,105.86797__21.88172,105.78078",directed_pair_key_by_code,153.0,62.2,,1 hr 9 min,,1.2037,-90.8,90.8,0.5935,SUSPECT_CHANGED,HIGH
28984,28986,17230000,PGD Chợ Mới,105.780785,21.881716,22031000,PGD Đán,105.8102556,21.5683041,34.98256864410578,Thái Nguyên,290,84,"50 min
43.2 km",43.2,50 min,part/output_part_290/ket_qua_tu_0_den_99.xlsx,original_output,ok,17230000__22031000,17230000__22031000,"21.88172,105.78078__21.56830,105.81026","21.56830,105.81026__21.88172,105.78078",directed_pair_key_by_code,134.0,43.2,,50 min,,1.2349,-90.8,90.8,0.6776,SUSPECT_CHANGED,HIGH
28998,29000,17230000,PGD Chợ Mới,105.780785,21.881716,22400000,CN Lưu Xá,105.8756154,21.5395112,39.29237043043446,Thái Nguyên,290,98,"1 hr 1 min
51.3 km",51.3,1 hr 1 min,part/output_part_290/ket_qua_tu_0_den_99.xlsx,original_output,ok,17230000__22400000,17230000__22400000,"21.88172,105.78078__21.53951,105.87562","21.53951,105.87562__21.88172,105.78078",directed_pair_key_by_code,142.0,51.3,,1 hr 1 min,,1.3056,-90.7,90.7,0.6387,SUSPECT_CHANGED,HIGH
29000,29002,17230000,PGD Chợ Mới,105.780785,21.881716,22431000,PGD Trung Thành,105.8701418,21.544298,38.63811729842275,Thái Nguyên,291,0,"1 時間
50.4 km",50.4,1 時間,part/output_part_291/ket_qua_tu_0_den_99.xlsx,original_output,ok,17230000__22431000,17230000__22431000,"21.88172,105.78078__21.54430,105.87014","21.54430,105.87014__21.88172,105.78078",directed_pair_key_by_code,141.0,50.4,,1 時間,,1.3044,-90.6,90.6,0.6426,SUSPECT_CHANGED,HIGH
20884,20886,90000000,CN Thành phố Hồ Chí Minh,106.7033737,10.7705105,91032000,PGD Hùynh Tấn Phát,106.7368263,10.7145422,7.217105873357499,TP. Hồ Chí Minh,209,84,"1 hr 42 min
99.3 km",99.3,1 hr 42 min,part/output_part_209/ket_qua_tu_0_den_99.xlsx,original_output,ok,90000000__91032000,90000000__91032000,"10.77051,106.70337__10.71454,106.73683","10.71454,106.73683__10.77051,106.70337",directed_pair_key_by_code,8.7,99.3,,1 hr 42 min,,13.759,90.6,90.6,10.4138,SUSPECT_CHANGED,HIGH
28992,28994,17230000,PGD Chợ Mới,105.780785,21.881716,22200000,CN Nam Thái Nguyên,105.8440458,21.4720158,46.02323352135339,Thái Nguyên,290,92,"1 hr 6 min
58.4 km",58.4,1 hr 6 min,part/output_part_290/ket_qua_tu_0_den_99.xlsx,original_output,ok,17230000__22200000,17230000__22200000,"21.88172,105.78078__21.47202,105.84405","21.47202,105.84405__21.88172,105.78078",directed_pair_key_by_code,149.0,58.4,,1 hr 6 min,,1.2689,-90.6,90.6,0.6081,SUSPECT_CHANGED,HIGH
28991,28993,17230000,PGD Chợ Mới,105.780785,21.881716,22041000,PGD Tân Lập,105.8304473,21.5560468,36.57439699408825,Thái Nguyên,290,91,"52 min
45.4 km",45.4,52 min,part/output_part_290/ket_qua_tu_0_den_99.xlsx,original_output,ok,17230000__22041000,17230000__22041000,"21.88172,105.78078__21.55605,105.83045","21.55605,105.83045__21.88172,105.78078",directed_pair_key_by_code,136.0,45.4,,52 min,,1.2413,-90.6,90.6,0.6662,SUSPECT_CHANGED,HIGH
28995,28997,17230000,PGD Chợ Mới,105.780785,21.881716,22232000,PGD KCN Sông Công,105.8731728,21.4804189,45.63198022883744,Thái Nguyên,290,95,"1 hr 1 min
55.5 km",55.5,1 hr 1 min,part/output_part_290/ket_qua_tu_0_den_99.xlsx,original_output,ok,17230000__22232000,17230000__22232000,"21.88172,105.78078__21.48042,105.87317","21.48042,105.87317__21.88172,105.78078",directed_pair_key_by_code,146.0,55.5,,1 hr 1 min,,1.2163,-90.5,90.5,0.6199,SUSPECT_CHANGED,HIGH
28985,28987,17230000,PGD Chợ Mới,105.780785,21.881716,22032000,PGD Núi Voi,105.8448832,21.628665,28.90622191469904,Thái Nguyên,290,85,"52 min
43.5 km",43.5,52 min,part/output_part_290/ket_qua_tu_0_den_99.xlsx,original_output,ok,17230000__22032000,17230000__22032000,"21.88172,105.78078__21.62867,105.84488","21.62867,105.84488__21.88172,105.78078",directed_pair_key_by_code,134.0,43.5,,52 min,,1.5049,-90.5,90.5,0.6754,SUSPECT_CHANGED,HIGH
28999,29001,17230000,PGD Chợ Mới,105.780785,21.881716,22430000,PGD Tích Lương,105.8482136,21.5480516,37.75005662905039,Thái Nguyên,290,99,"55 min
47.5 km",47.5,55 min,part/output_part_290/ket_qua_tu_0_den_99.xlsx,original_output,ok,17230000__22430000,17230000__22430000,"21.88172,105.78078__21.54805,105.84821","21.54805,105.84821__21.88172,105.78078",directed_pair_key_by_code,138.0,47.5,,55 min,,1.2583,-90.5,90.5,0.6558,SUSPECT_CHANGED,HIGH
29003,29005,17230000,PGD Chợ Mới,105.780785,21.881716,22434000,PGD Hương Sơn - Phú Bình,105.9784063,21.4576459,51.38661254528855,Thái Nguyên,291,3,"1 hr 17 min
67.6 km",67.6,1 hr 17 min,part/output_part_291/ket_qua_tu_0_den_99.xlsx,original_output,ok,17230000__22434000,17230000__22434000,"21.88172,105.78078__21.45765,105.97841","21.45765,105.97841__21.88172,105.78078",directed_pair_key_by_code,158.0,67.6,,1 hr 17 min,,1.3155,-90.4,90.4,0.5722,SUSPECT_CHANGED,HIGH
28988,28990,17230000,PGD Chợ Mới,105.780785,21.881716,22036000,PGD Quán Triều,105.8092811,21.6106256,30.28725510603379,Thái Nguyên,290,88,"46 min
38.6 km",38.6,46 min,part/output_part_290/ket_qua_tu_0_den_99.xlsx,original_output,ok,17230000__22036000,17230000__22036000,"21.88172,105.78078__21.61063,105.80928","21.61063,105.80928__21.88172,105.78078",directed_pair_key_by_code,129.0,38.6,,46 min,,1.2745,-90.4,90.4,0.7008,SUSPECT_CHANGED,HIGH
20766,20768,88041000,PGD Xuyên Mộc,107.4095097,10.5384199,91200000,CN Sài Gòn,106.7072001,10.7281824,79.59997567388801,TP. Hồ Chí Minh,208,66,"19 min
4.8 km",4.8,19 min,part/output_part_208/ket_qua_tu_0_den_99.xlsx,original_output,ok,88041000__91200000,88041000__91200000,"10.53842,107.40951__10.72818,106.70720","10.53842,107.40951__10.72818,106.70720",directed_pair_key_by_code,94.7,4.8,,19 min,,0.0603,-89.9,89.9,0.9493,SUSPECT_CHANGED,HIGH
17684,17686,16431000,PGD Hai Bà Trưng,106.6769427,20.8523679,16833000,PGD Lạch Tray,106.6955435,20.8379031,2.514605970007967,TP. Hải Phòng,177,84,"1 hr 36 min
93.0 km",93.0,1 hr 36 min,part/output_part_177/ket_qua_tu_0_den_99.xlsx,original_output,ok,16431000__16833000,16431000__16833000,"20.85237,106.67694__20.83790,106.69554","20.83790,106.69554__20.85237,106.67694",directed_pair_key_by_code,3.1,93.0,,1 hr 36 min,,36.9839,89.9,89.9,29.0,SUSPECT_CHANGED,HIGH
20863,20865,90000000,CN Thành phố Hồ Chí Minh,106.7033737,10.7705105,90332000,PGD Thảo Điền,106.7360342,10.8052701,5.259852837006409,TP. Hồ Chí Minh,209,63,"1 hr 47 min
98.7 km",98.7,1 hr 47 min,part/output_part_209/ket_qua_tu_0_den_99.xlsx,original_output,ok,90000000__90332000,90000000__90332000,"10.77051,106.70337__10.80527,106.73603","10.77051,106.70337__10.80527,106.73603",directed_pair_key_by_code,8.9,98.7,,1 hr 47 min,,18.7648,89.8,89.8,10.0899,SUSPECT_CHANGED,HIGH
20759,20761,88041000,PGD Xuyên Mộc,107.4095097,10.5384199,90836000,PGD Nguyễn Lương Bằng,106.7284493,10.7174433,77.0474084769301,TP. Hồ Chí Minh,208,59,"13 min
5.3 km",5.3,13 min,part/output_part_208/ket_qua_tu_0_den_99.xlsx,original_output,ok,88041000__90836000,88041000__90836000,"10.53842,107.40951__10.71744,106.72845","10.53842,107.40951__10.71744,106.72845",directed_pair_key_by_code,94.9,5.3,,13 min,,0.0688,-89.6,89.6,0.9442,SUSPECT_CHANGED,HIGH
20755,20757,88041000,PGD Xuyên Mộc,107.4095097,10.5384199,90830000,PGD KCX Tân Thuận,106.7306059,10.736381,77.38993739667602,TP. Hồ Chí Minh,208,55,"9 min
4.0 km",4.0,9 min,part/output_part_208/ket_qua_tu_0_den_99.xlsx,original_output,ok,88041000__90830000,88041000__90830000,"10.53842,107.40951__10.73638,106.73061","10.53842,107.40951__10.73638,106.73061",directed_pair_key_by_code,93.5,4.0,,9 min,,0.0517,-89.5,89.5,0.9572,SUSPECT_CHANGED,HIGH
20764,20766,88041000,PGD Xuyên Mộc,107.4095097,10.5384199,91033000,PGD Nguyễn Văn Cừ,106.6925748,10.7609209,82.16009539609689,TP. Hồ Chí Minh,208,64,"14 min
4.9 km",4.9,14 min,part/output_part_208/ket_qua_tu_0_den_99.xlsx,original_output,ok,88041000__91033000,88041000__91033000,"10.53842,107.40951__10.76092,106.69257","10.53842,107.40951__10.76092,106.69257",directed_pair_key_by_code,94.3,4.9,,14 min,,0.0596,-89.4,89.4,0.948,SUSPECT_CHANGED,HIGH
20744,20746,88041000,PGD Xuyên Mộc,107.4095097,10.5384199,90334000,PGD Vinhomes Tân Cảng,106.7210417,10.7941608,80.42662600553061,TP. Hồ Chí Minh,208,44,"12 min
3.5 km",3.5,12 min,part/output_part_208/ket_qua_tu_0_den_99.xlsx,original_output,ok,88041000__90334000,88041000__90334000,"10.53842,107.40951__10.79416,106.72104","10.53842,107.40951__10.79416,106.72104",directed_pair_key_by_code,92.9,3.5,,12 min,,0.0435,-89.4,89.4,0.9623,SUSPECT_CHANGED,HIGH
29004,29006,17230000,PGD Chợ Mới,105.780785,21.881716,22437000,PGD Điềm Thụy,105.9195698,21.4721162,47.74986415129685,Thái Nguyên,291,4,"1 hr 16 min
65.8 km",65.8,1 hr 16 min,part/output_part_291/ket_qua_tu_0_den_99.xlsx,original_output,ok,17230000__22437000,17230000__22437000,"21.88172,105.78078__21.47212,105.91957","21.47212,105.91957__21.88172,105.78078",directed_pair_key_by_code,155.0,65.8,,1 hr 16 min,,1.378,-89.2,89.2,0.5755,SUSPECT_CHANGED,HIGH
20785,20787,88041000,PGD Xuyên Mộc,107.4095097,10.5384199,92431000,PGD Bình Hòa,106.697804,10.813936,83.58502825936677,TP. Hồ Chí Minh,208,85,"18 min
6.7 km",6.7,18 min,part/output_part_208/ket_qua_tu_0_den_99.xlsx,original_output,ok,88041000__92431000,88041000__92431000,"10.53842,107.40951__10.81394,106.69780","10.53842,107.40951__10.81394,106.69780",directed_pair_key_by_code,95.9,6.7,,18 min,,0.0802,-89.2,89.2,0.9301,SUSPECT_CHANGED,HIGH
20864,20866,90000000,CN Thành phố Hồ Chí Minh,106.7033737,10.7705105,90333000,PGD Vạn Phúc,106.7136198,10.8438678,8.23338191070296,TP. Hồ Chí Minh,209,64,"1 hr 45 min
98.7 km",98.7,1 hr 45 min,part/output_part_209/ket_qua_tu_0_den_99.xlsx,original_output,ok,90000000__90333000,90000000__90333000,"10.77051,106.70337__10.84387,106.71362","10.77051,106.70337__10.84387,106.71362",directed_pair_key_by_code,9.6,98.7,,1 hr 45 min,,11.9878,89.1,89.1,9.2812,SUSPECT_CHANGED,HIGH
20757,20759,88041000,PGD Xuyên Mộc,107.4095097,10.5384199,90834000,PGD Văn Thánh,106.7142617,10.8017978,81.4207489217472,TP. Hồ Chí Minh,208,57,"13 min
3.7 km",3.7,13 min,part/output_part_208/ket_qua_tu_0_den_99.xlsx,original_output,ok,88041000__90834000,88041000__90834000,"10.53842,107.40951__10.80180,106.71426","10.53842,107.40951__10.80180,106.71426",directed_pair_key_by_code,92.6,3.7,,13 min,,0.0454,-88.9,88.9,0.96,SUSPECT_CHANGED,HIGH
20760,20762,88041000,PGD Xuyên Mộc,107.4095097,10.5384199,91000000,CN Nam Sài Gòn,106.7002387,10.739119,80.66041083950103,TP. Hồ Chí Minh,208,60,"16 min
6.9 km",6.9,16 min,part/output_part_208/ket_qua_tu_0_den_99.xlsx,original_output,ok,88041000__91000000,88041000__91000000,"10.53842,107.40951__10.73912,106.70024","10.53842,107.40951__10.73912,106.70024",directed_pair_key_by_code,95.6,6.9,,16 min,,0.0855,-88.7,88.7,0.9278,SUSPECT_CHANGED,HIGH
19810,19812,88030000,PGD Nguyễn An Ninh,107.0898627,10.3656844,94230000,PGD Nguyễn Sơn,106.6259453,10.7820436,68.66475238775881,TP. Hồ Chí Minh,199,10,"21 min
17.3 km",17.3,21 min,part/output_part_199/ket_qua_tu_0_den_99.xlsx,original_output,ok,88030000__94230000,88030000__94230000,"10.36568,107.08986__10.78204,106.62595","10.36568,107.08986__10.78204,106.62595",directed_pair_key_by_code,106.0,17.3,,21 min,,0.2519,-88.7,88.7,0.8368,SUSPECT_CHANGED,HIGH
19580,19582,88000000,CN Bà Rịa - Vũng Tàu,107.0753056,10.3481944,88038000,PGD Long Điền,107.2164178,10.4169245,17.22258188166838,TP. Hồ Chí Minh,196,80,"1 hr 54 min
108 km",108.0,1 hr 54 min,part/output_part_196/ket_qua_tu_0_den_99.xlsx,original_output,ok,88000000__88038000,88000000__88038000,"10.34819,107.07531__10.41692,107.21642","10.34819,107.07531__10.41692,107.21642",directed_pair_key_by_code,19.4,108.0,,1 hr 54 min,,6.2708,88.6,88.6,4.567,SUSPECT_CHANGED,HIGH
20859,20861,90000000,CN Thành phố Hồ Chí Minh,106.7033737,10.7705105,90237000,PGD Gò Dầu,106.626816,10.795744,8.820687979991853,TP. Hồ Chí Minh,209,59,"1 hr 48 min
99.3 km",99.3,1 hr 48 min,part/output_part_209/ket_qua_tu_0_den_99.xlsx,original_output,ok,90000000__90237000,90000000__90237000,"10.77051,106.70337__10.79574,106.62682","10.77051,106.70337__10.79574,106.62682",directed_pair_key_by_code,10.8,99.3,,1 hr 48 min,,11.2576,88.5,88.5,8.1944,SUSPECT_CHANGED,HIGH
20739,20741,88041000,PGD Xuyên Mộc,107.4095097,10.5384199,90300000,CN Thủ Thiêm,106.7293726,10.7875464,79.31663420227441,TP. Hồ Chí Minh,208,39,"4 min
950 m",0.95,4 min,part/output_part_208/ket_qua_tu_0_den_99.xlsx,original_output,ok,88041000__90300000,88041000__90300000,"10.53842,107.40951__10.78755,106.72937","10.53842,107.40951__10.78755,106.72937",directed_pair_key_by_code,89.4,0.95,,4 min,,0.012,-88.45,88.45,0.9894,SUSPECT_CHANGED,HIGH
20762,20764,88041000,PGD Xuyên Mộc,107.4095097,10.5384199,91031000,PGD Trần Xuân Soạn,106.7055348,10.7517129,80.50423911202884,TP. Hồ Chí Minh,208,62,"23 min
8.9 km",8.9,23 min,part/output_part_208/ket_qua_tu_0_den_99.xlsx,original_output,ok,88041000__91031000,88041000__91031000,"10.53842,107.40951__10.75171,106.70553","10.53842,107.40951__10.75171,106.70553",directed_pair_key_by_code,97.2,8.9,,23 min,,0.1106,-88.3,88.3,0.9084,SUSPECT_CHANGED,HIGH
17459,17461,16132000,PGD Thắng Lợi,106.6384466,20.8601613,16400000,CN Lê Chân,106.6724123,20.8541282,3.592519354734376,TP. Hải Phòng,175,59,"1 hr 40 min
92.8 km",92.8,1 hr 40 min,part/output_part_175/ket_qua_tu_0_den_99.xlsx,original_output,ok,16132000__16400000,16132000__16400000,"20.86016,106.63845__20.85413,106.67241","20.85413,106.67241__20.86016,106.63845",directed_pair_key_by_code,4.6,92.8,,1 hr 40 min,,25.8315,88.2,88.2,19.1739,SUSPECT_CHANGED,HIGH
20842,20844,90000000,CN Thành phố Hồ Chí Minh,106.7033737,10.7705105,90037000,PGD Thành Thái,106.664006,10.7750228,4.329518276612206,TP. Hồ Chí Minh,209,42,"1 hr 32 min
94.7 km",94.7,1 hr 32 min,part/output_part_209/ket_qua_tu_0_den_99.xlsx,original_output,ok,90000000__90037000,90000000__90037000,"10.77051,106.70337__10.77502,106.66401","10.77051,106.70337__10.77502,106.66401",directed_pair_key_by_code,6.7,94.7,,1 hr 32 min,,21.8731,88.0,88.0,13.1343,SUSPECT_CHANGED,HIGH
20786,20788,88041000,PGD Xuyên Mộc,107.4095097,10.5384199,92432000,PGD Cầu Sơn,106.7092691,10.8138851,82.41860143085601,TP. Hồ Chí Minh,208,86,"20 min
7.4 km",7.4,20 min,part/output_part_208/ket_qua_tu_0_den_99.xlsx,original_output,ok,88041000__92432000,88041000__92432000,"10.53842,107.40951__10.81389,106.70927","10.53842,107.40951__10.81389,106.70927",directed_pair_key_by_code,95.3,7.4,,20 min,,0.0898,-87.9,87.9,0.9224,SUSPECT_CHANGED,HIGH
19018,19020,64032000,PGD Mỹ Phước,106.6070371,11.1326431,94234000,PGD Lãnh Binh Thăng,106.6486194,10.7644474,41.19245459114593,TP. Hồ Chí Minh,191,18,"2 hr 52 min
137 km",137.0,2 hr 52 min,part/output_part_191/ket_qua_tu_0_den_99.xlsx,original_output,ok,64032000__94234000,64032000__94234000,"11.13264,106.60704__10.76445,106.64862","10.76445,106.64862__11.13264,106.60704",directed_pair_key_by_code,49.4,137.0,,2 hr 52 min,,3.3259,87.6,87.6,1.7733,SUSPECT_CHANGED,HIGH
19680,19682,88000000,CN Bà Rịa - Vũng Tàu,107.0753056,10.3481944,94230000,PGD Nguyễn Sơn,106.6259453,10.7820436,68.84766043662981,TP. Hồ Chí Minh,197,80,"24 min
19.4 km",19.4,24 min,part/output_part_197/ket_qua_tu_0_den_99.xlsx,original_output,ok,88000000__94230000,88000000__94230000,"10.34819,107.07531__10.78204,106.62595","10.34819,107.07531__10.78204,106.62595",directed_pair_key_by_code,107.0,19.4,,24 min,,0.2818,-87.6,87.6,0.8187,SUSPECT_CHANGED,HIGH
20758,20760,88041000,PGD Xuyên Mộc,107.4095097,10.5384199,90835000,PGD Phan Văn Trị,106.6918736,10.8242225,84.60998433833346,TP. Hồ Chí Minh,208,58,"36 min
10.8 km",10.8,36 min,part/output_part_208/ket_qua_tu_0_den_99.xlsx,original_output,ok,88041000__90835000,88041000__90835000,"10.53842,107.40951__10.82422,106.69187","10.53842,107.40951__10.82422,106.69187",directed_pair_key_by_code,98.4,10.8,,36 min,,0.1276,-87.6,87.6,0.8902,SUSPECT_CHANGED,HIGH
20841,20843,90000000,CN Thành phố Hồ Chí Minh,106.7033737,10.7705105,90032000,PGD Trường Sơn,106.6641996,10.8051895,5.760162718558391,TP. Hồ Chí Minh,209,41,"1 hr 33 min
94.2 km",94.2,1 hr 33 min,part/output_part_209/ket_qua_tu_0_den_99.xlsx,original_output,ok,90000000__90032000,90000000__90032000,"10.77051,106.70337__10.80519,106.66420","10.77051,106.70337__10.80519,106.66420",directed_pair_key_by_code,7.0,94.2,,1 hr 33 min,,16.3537,87.2,87.2,12.4571,SUSPECT_CHANGED,HIGH
19710,19712,88030000,PGD Nguyễn An Ninh,107.0898627,10.3656844,88038000,PGD Long Điền,107.2164178,10.4169245,14.96831184684977,TP. Hồ Chí Minh,198,10,"1 hr 51 min
105 km",105.0,1 hr 51 min,part/output_part_198/ket_qua_tu_0_den_99.xlsx,original_output,ok,88030000__88038000,88030000__88038000,"10.36568,107.08986__10.41692,107.21642","10.36568,107.08986__10.41692,107.21642",directed_pair_key_by_code,17.9,105.0,,1 hr 51 min,,7.0148,87.1,87.1,4.8659,SUSPECT_CHANGED,HIGH
19411,19413,64035000,PGD Tân Đông Hiệp,106.7422824,10.9280524,94000000,CN 10 Thành phố Hồ Chí Minh,106.673082,10.765361,19.60555758861137,TP. Hồ Chí Minh,195,11,"2 hr 8 min
109 km",109.0,2 hr 8 min,part/output_part_195/ket_qua_tu_0_den_99.xlsx,original_output,ok,64035000__94000000,64035000__94000000,"10.92805,106.74228__10.76536,106.67308","10.76536,106.67308__10.92805,106.74228",directed_pair_key_by_code,22.1,109.0,,2 hr 8 min,,5.5596,86.9,86.9,3.9321,SUSPECT_CHANGED,HIGH
19709,19711,88030000,PGD Nguyễn An Ninh,107.0898627,10.3656844,88034000,PGD Bà Rịa,107.1768403,10.4877553,16.57464214978835,TP. Hồ Chí Minh,198,9,"1 hr 53 min
106 km",106.0,1 hr 53 min,part/output_part_198/ket_qua_tu_0_den_99.xlsx,original_output,ok,88030000__88034000,88030000__88034000,"10.36568,107.08986__10.48776,107.17684","10.36568,107.08986__10.48776,107.17684",directed_pair_key_by_code,19.5,106.0,,1 hr 53 min,,6.3953,86.5,86.5,4.4359,SUSPECT_CHANGED,HIGH
19966,19968,88032000,PGD Thắng Nhất,107.1119125,10.3980829,88034000,PGD Bà Rịa,107.1768403,10.4877553,12.24068401177564,TP. Hồ Chí Minh,200,66,"1 hr 50 min
101 km",101.0,1 hr 50 min,part/output_part_200/ket_qua_tu_0_den_99.xlsx,original_output,ok,88032000__88034000,88032000__88034000,"10.39808,107.11191__10.48776,107.17684","10.39808,107.11191__10.48776,107.17684",directed_pair_key_by_code,14.5,101.0,,1 hr 50 min,,8.2512,86.5,86.5,5.9655,SUSPECT_CHANGED,HIGH
19579,19581,88000000,CN Bà Rịa - Vũng Tàu,107.0753056,10.3481944,88034000,PGD Bà Rịa,107.1768403,10.4877553,19.08200706083186,TP. Hồ Chí Minh,196,79,"1 hr 56 min
108 km",108.0,1 hr 56 min,part/output_part_196/ket_qua_tu_0_den_99.xlsx,original_output,ok,88000000__88034000,88000000__88034000,"10.34819,107.07531__10.48776,107.17684","10.34819,107.07531__10.48776,107.17684",directed_pair_key_by_code,21.6,108.0,,1 hr 56 min,,5.6598,86.4,86.4,4.0,SUSPECT_CHANGED,HIGH
19413,19415,64035000,PGD Tân Đông Hiệp,106.7422824,10.9280524,94031000,PGD Ngô Gia Tự,106.6748391,10.7670545,19.35810776660659,TP. Hồ Chí Minh,195,13,"2 hr 6 min
108 km",108.0,2 hr 6 min,part/output_part_195/ket_qua_tu_0_den_99.xlsx,original_output,ok,64035000__94031000,64035000__94031000,"10.92805,106.74228__10.76705,106.67484","10.76705,106.67484__10.92805,106.74228",directed_pair_key_by_code,22.1,108.0,,2 hr 6 min,,5.5791,85.9,85.9,3.8869,SUSPECT_CHANGED,HIGH
20067,20069,88032000,PGD Thắng Nhất,107.1119125,10.3980829,94230000,PGD Nguyễn Sơn,106.6259453,10.7820436,68.14838026536894,TP. Hồ Chí Minh,201,67,"19 min
14.4 km",14.4,19 min,part/output_part_201/ket_qua_tu_0_den_99.xlsx,original_output,ok,88032000__94230000,88032000__94230000,"10.39808,107.11191__10.78204,106.62595","10.39808,107.11191__10.78204,106.62595",directed_pair_key_by_code,100.0,14.4,,19 min,,0.2113,-85.6,85.6,0.856,SUSPECT_CHANGED,HIGH
19967,19969,88032000,PGD Thắng Nhất,107.1119125,10.3980829,88038000,PGD Long Điền,107.2164178,10.4169245,11.61973121023384,TP. Hồ Chí Minh,200,67,"1 hr 49 min
100 km",100.0,1 hr 49 min,part/output_part_200/ket_qua_tu_0_den_99.xlsx,original_output,ok,88032000__88038000,88032000__88038000,"10.39808,107.11191__10.41692,107.21642","10.39808,107.11191__10.41692,107.21642",directed_pair_key_by_code,14.4,100.0,,1 hr 49 min,,8.6061,85.6,85.6,5.9444,SUSPECT_CHANGED,HIGH
20743,20745,88041000,PGD Xuyên Mộc,107.4095097,10.5384199,90333000,PGD Vạn Phúc,106.7136198,10.8438678,83.27713506499114,TP. Hồ Chí Minh,208,43,"35 min
12.4 km",12.4,35 min,part/output_part_208/ket_qua_tu_0_den_99.xlsx,original_output,ok,88041000__90333000,88041000__90333000,"10.53842,107.40951__10.84387,106.71362","10.53842,107.40951__10.84387,106.71362",directed_pair_key_by_code,97.8,12.4,,35 min,,0.1489,-85.4,85.4,0.8732,SUSPECT_CHANGED,HIGH
20742,20744,88041000,PGD Xuyên Mộc,107.4095097,10.5384199,90332000,PGD Thảo Điền,106.7360342,10.8052701,79.34865429828464,TP. Hồ Chí Minh,208,42,"15 min
5.0 km",5.0,15 min,part/output_part_208/ket_qua_tu_0_den_99.xlsx,original_output,ok,88041000__90332000,88041000__90332000,"10.53842,107.40951__10.80527,106.73603","10.53842,107.40951__10.80527,106.73603",directed_pair_key_by_code,90.3,5.0,,15 min,,0.063,-85.3,85.3,0.9446,SUSPECT_CHANGED,HIGH
17584,17586,16230000,PGD Đồ Sơn,106.7828225,20.7164627,34631000,PGD Chí Linh,106.3874774,21.1088944,59.92019351516915,TP. Hải Phòng,176,84,"21 min
8.0 km",8.0,21 min,part/output_part_176/ket_qua_tu_0_den_99.xlsx,original_output,ok,16230000__34631000,16230000__34631000,"20.71646,106.78282__21.10889,106.38748","20.71646,106.78282__21.10889,106.38748",directed_pair_key_by_code,93.2,8.0,,21 min,,0.1335,-85.2,85.2,0.9142,SUSPECT_CHANGED,HIGH
18909,18911,64032000,PGD Mỹ Phước,106.6070371,11.1326431,88000000,CN Bà Rịa - Vũng Tàu,107.0753056,10.3481944,101.1212744372969,TP. Hồ Chí Minh,190,9,"1 hr 17 min
49.0 km",49.0,1 hr 17 min,part/output_part_190/ket_qua_tu_0_den_99.xlsx,original_output,ok,64032000__88000000,64032000__88000000,"11.13264,106.60704__10.34819,107.07531","10.34819,107.07531__11.13264,106.60704",directed_pair_key_by_code,134.0,49.0,,1 hr 17 min,,0.4846,-85.0,85.0,0.6343,SUSPECT_CHANGED,HIGH
20889,20891,90000000,CN Thành phố Hồ Chí Minh,106.7033737,10.7705105,91242000,PGD Hiệp Phước,106.7378846,10.6469072,14.25191949099936,TP. Hồ Chí Minh,209,89,"1 hr 52 min
101 km",101.0,1 hr 52 min,part/output_part_209/ket_qua_tu_0_den_99.xlsx,original_output,ok,90000000__91242000,90000000__91242000,"10.77051,106.70337__10.64691,106.73788","10.64691,106.73788__10.77051,106.70337",directed_pair_key_by_code,16.0,101.0,,1 hr 52 min,,7.0868,85.0,85.0,5.3125,SUSPECT_CHANGED,HIGH
20887,20889,90000000,CN Thành phố Hồ Chí Minh,106.7033737,10.7705105,91200000,CN Sài Gòn,106.7072001,10.7281824,4.725202268187322,TP. Hồ Chí Minh,209,87,"1 hr 30 min
93.3 km",93.3,1 hr 30 min,part/output_part_209/ket_qua_tu_0_den_99.xlsx,original_output,ok,90000000__91200000,90000000__91200000,"10.77051,106.70337__10.72818,106.70720","10.72818,106.70720__10.77051,106.70337",directed_pair_key_by_code,8.5,93.3,,1 hr 30 min,,19.7452,84.8,84.8,9.9765,SUSPECT_CHANGED,HIGH
20763,20765,88041000,PGD Xuyên Mộc,107.4095097,10.5384199,91032000,PGD Hùynh Tấn Phát,106.7368263,10.7145422,76.0800208846612,TP. Hồ Chí Minh,208,63,"29 min
9.5 km",9.5,29 min,part/output_part_208/ket_qua_tu_0_den_99.xlsx,original_output,ok,88041000__91032000,88041000__91032000,"10.53842,107.40951__10.71454,106.73683","10.53842,107.40951__10.71454,106.73683",directed_pair_key_by_code,94.3,9.5,,29 min,,0.1249,-84.8,84.8,0.8993,SUSPECT_CHANGED,HIGH
18398,18400,34036000,PGD Thanh Miện,106.2458398,20.7856639,34633000,PGD Nam Sách,106.331765,20.995948,25.02846104866354,TP. Hải Phòng,184,98,"2 hr 23 min
116 km",116.0,2 hr 23 min,part/output_part_184/ket_qua_tu_0_den_99.xlsx,original_output,ok,34036000__34633000,34036000__34633000,"20.78566,106.24584__20.99595,106.33177","20.78566,106.24584__20.99595,106.33177",directed_pair_key_by_code,31.3,116.0,,2 hr 23 min,,4.6347,84.7,84.7,2.7061,SUSPECT_CHANGED,HIGH
20844,20846,90000000,CN Thành phố Hồ Chí Minh,106.7033737,10.7705105,90042000,PGD Hiệp Bình Phước,106.7247173,10.8631262,10.55895076812133,TP. Hồ Chí Minh,209,44,"1 hr 36 min
97.3 km",97.3,1 hr 36 min,part/output_part_209/ket_qua_tu_0_den_99.xlsx,original_output,ok,90000000__90042000,90000000__90042000,"10.77051,106.70337__10.86313,106.72472","10.77051,106.70337__10.86313,106.72472",directed_pair_key_by_code,12.6,97.3,,1 hr 36 min,,9.2149,84.7,84.7,6.7222,SUSPECT_CHANGED,HIGH
18498,18500,64000000,CN Bình Dương,106.6670338,10.982933,88000000,CN Bà Rịa - Vũng Tàu,107.0753056,10.3481944,83.49762859245328,TP. Hồ Chí Minh,185,98,"42 min
31.3 km",31.3,42 min,part/output_part_185/ket_qua_tu_0_den_99.xlsx,original_output,ok,64000000__88000000,64000000__88000000,"10.98293,106.66703__10.34819,107.07531","10.34819,107.07531__10.98293,106.66703",directed_pair_key_by_code,116.0,31.3,,42 min,,0.3749,-84.7,84.7,0.7302,SUSPECT_CHANGED,HIGH
19010,19012,64032000,PGD Mỹ Phước,106.6070371,11.1326431,94030000,PGD Lý Thường Kiệt,106.6576503,10.7716481,40.51937286422324,TP. Hồ Chí Minh,191,10,"2 hr 48 min
134 km",134.0,2 hr 48 min,part/output_part_191/ket_qua_tu_0_den_99.xlsx,original_output,ok,64032000__94030000,64032000__94030000,"11.13264,106.60704__10.77165,106.65765","10.77165,106.65765__11.13264,106.60704",directed_pair_key_by_code,49.4,134.0,,2 hr 48 min,,3.3071,84.6,84.6,1.7126,SUSPECT_CHANGED,HIGH
20761,20763,88041000,PGD Xuyên Mộc,107.4095097,10.5384199,91030000,PGD Phú Mỹ Hưng,106.7055348,10.7291804,79.80477516629581,TP. Hồ Chí Minh,208,61,"24 min
11.0 km",11.0,24 min,part/output_part_208/ket_qua_tu_0_den_99.xlsx,original_output,ok,88041000__91030000,88041000__91030000,"10.53842,107.40951__10.72918,106.70553","10.53842,107.40951__10.72918,106.70553",directed_pair_key_by_code,94.7,11.0,,24 min,,0.1378,-83.7,83.7,0.8838,SUSPECT_CHANGED,HIGH
19420,19422,64035000,PGD Tân Đông Hiệp,106.7422824,10.9280524,94234000,PGD Lãnh Binh Thăng,106.6486194,10.7644474,20.87055175528491,TP. Hồ Chí Minh,195,20,"2 hr 8 min
109 km",109.0,2 hr 8 min,part/output_part_195/ket_qua_tu_0_den_99.xlsx,original_output,ok,64035000__94234000,64035000__94234000,"10.92805,106.74228__10.76445,106.64862","10.76445,106.64862__10.92805,106.74228",directed_pair_key_by_code,25.4,109.0,,2 hr 8 min,,5.2227,83.6,83.6,3.2913,SUSPECT_CHANGED,HIGH
18600,18602,64000000,CN Bình Dương,106.6670338,10.982933,94031000,PGD Ngô Gia Tự,106.6748391,10.7670545,24.01975393878206,TP. Hồ Chí Minh,187,0,"2 hr 25 min
117 km",117.0,2 hr 25 min,part/output_part_187/ket_qua_tu_0_den_99.xlsx,original_output,ok,64000000__94031000,64000000__94031000,"10.98293,106.66703__10.76705,106.67484","10.76705,106.67484__10.98293,106.66703",directed_pair_key_by_code,33.5,117.0,,2 hr 25 min,,4.871,83.5,83.5,2.4925,SUSPECT_CHANGED,HIGH
19009,19011,64032000,PGD Mỹ Phước,106.6070371,11.1326431,94000000,CN 10 Thành phố Hồ Chí Minh,106.673082,10.765361,41.47154578926921,TP. Hồ Chí Minh,191,9,"2 hr 53 min
137 km",137.0,2 hr 53 min,part/output_part_191/ket_qua_tu_0_den_99.xlsx,original_output,ok,64032000__94000000,64032000__94000000,"11.13264,106.60704__10.76536,106.67308","10.76536,106.67308__11.13264,106.60704",directed_pair_key_by_code,53.6,137.0,,2 hr 53 min,,3.3035,83.4,83.4,1.556,SUSPECT_CHANGED,HIGH
20747,20749,88041000,PGD Xuyên Mộc,107.4095097,10.5384199,90433000,PGD Nguyễn Văn Lượng,106.6676389,10.8384167,87.65648967842588,TP. Hồ Chí Minh,208,47,"47 min
17.8 km",17.8,47 min,part/output_part_208/ket_qua_tu_0_den_99.xlsx,original_output,ok,88041000__90433000,88041000__90433000,"10.53842,107.40951__10.83842,106.66764","10.53842,107.40951__10.83842,106.66764",directed_pair_key_by_code,101.0,17.8,,47 min,,0.2031,-83.2,83.2,0.8238,SUSPECT_CHANGED,HIGH
17631,17633,16400000,CN Lê Chân,106.6724123,20.8541282,16432000,PGD Trần Hưng Đạo,106.6870194,20.8601165,1.657440490364389,TP. Hải Phòng,177,31,"1 hr 17 min
85.2 km",85.2,1 hr 17 min,part/output_part_177/ket_qua_tu_0_den_99.xlsx,original_output,ok,16400000__16432000,16400000__16432000,"20.85413,106.67241__20.86012,106.68702","20.85413,106.67241__20.86012,106.68702",directed_pair_key_by_code,2.3,85.2,,1 hr 17 min,,51.4046,82.9,82.9,36.0435,SUSPECT_CHANGED,HIGH
19311,19313,64035000,PGD Tân Đông Hiệp,106.7422824,10.9280524,88000000,CN Bà Rịa - Vũng Tàu,107.0753056,10.3481944,74.03949306897852,TP. Hồ Chí Minh,194,11,"40 min
24.1 km",24.1,40 min,part/output_part_194/ket_qua_tu_0_den_99.xlsx,original_output,ok,64035000__88000000,64035000__88000000,"10.92805,106.74228__10.34819,107.07531","10.34819,107.07531__10.92805,106.74228",directed_pair_key_by_code,107.0,24.1,,40 min,,0.3255,-82.9,82.9,0.7748,SUSPECT_CHANGED,HIGH
18912,18914,64032000,PGD Mỹ Phước,106.6070371,11.1326431,88032000,PGD Thắng Nhất,107.1119125,10.3980829,98.55552787188833,TP. Hồ Chí Minh,190,12,"1 hr 18 min
49.2 km",49.2,1 hr 18 min,part/output_part_190/ket_qua_tu_0_den_99.xlsx,original_output,ok,64032000__88032000,64032000__88032000,"11.13264,106.60704__10.39808,107.11191","10.39808,107.11191__11.13264,106.60704",directed_pair_key_by_code,132.0,49.2,,1 hr 18 min,,0.4992,-82.8,82.8,0.6273,SUSPECT_CHANGED,HIGH
17736,17738,16432000,PGD Trần Hưng Đạo,106.6870194,20.8601165,34037000,PGD Bình Giang,106.1505193,20.9069647,55.98005094056231,TP. Hải Phòng,178,36,"9 min
3.1 km",3.1,9 min,part/output_part_178/ket_qua_tu_0_den_99.xlsx,original_output,ok,16432000__34037000,16432000__34037000,"20.86012,106.68702__20.90696,106.15052","20.86012,106.68702__20.90696,106.15052",directed_pair_key_by_code,85.5,3.1,,9 min,,0.0554,-82.4,82.4,0.9637,SUSPECT_CHANGED,HIGH
19320,19322,64035000,PGD Tân Đông Hiệp,106.7422824,10.9280524,88041000,PGD Xuyên Mộc,107.4095097,10.5384199,84.7976536094494,TP. Hồ Chí Minh,194,20,"37 min
22.9 km",22.9,37 min,part/output_part_194/ket_qua_tu_0_den_99.xlsx,original_output,ok,64035000__88041000,64035000__88041000,"10.92805,106.74228__10.53842,107.40951","10.53842,107.40951__10.92805,106.74228",directed_pair_key_by_code,105.0,22.9,,37 min,,0.2701,-82.1,82.1,0.7819,SUSPECT_CHANGED,HIGH
20846,20848,90000000,CN Thành phố Hồ Chí Minh,106.7033737,10.7705105,90100000,CN Đông Thành phố Hồ Chí Minh,106.7458566,10.8818676,13.2231131755443,TP. Hồ Chí Minh,209,46,"1 hr 50 min
102 km",102.0,1 hr 50 min,part/output_part_209/ket_qua_tu_0_den_99.xlsx,original_output,ok,90000000__90100000,90000000__90100000,"10.77051,106.70337__10.88187,106.74586","10.77051,106.70337__10.88187,106.74586",directed_pair_key_by_code,20.0,102.0,,1 hr 50 min,,7.7138,82.0,82.0,4.1,SUSPECT_CHANGED,HIGH
19412,19414,64035000,PGD Tân Đông Hiệp,106.7422824,10.9280524,94030000,PGD Lý Thường Kiệt,106.6576503,10.7716481,19.69474952275931,TP. Hồ Chí Minh,195,12,"2 hr 4 min
106 km",106.0,2 hr 4 min,part/output_part_195/ket_qua_tu_0_den_99.xlsx,original_output,ok,64035000__94030000,64035000__94030000,"10.92805,106.74228__10.77165,106.65765","10.77165,106.65765__10.92805,106.74228",directed_pair_key_by_code,24.2,106.0,,2 hr 4 min,,5.3821,81.8,81.8,3.3802,SUSPECT_CHANGED,HIGH
19011,19013,64032000,PGD Mỹ Phước,106.6070371,11.1326431,94031000,PGD Ngô Gia Tự,106.6748391,10.7670545,41.32004559139708,TP. Hồ Chí Minh,191,11,"2 hr 50 min
135 km",135.0,2 hr 50 min,part/output_part_191/ket_qua_tu_0_den_99.xlsx,original_output,ok,64032000__94031000,64032000__94031000,"11.13264,106.60704__10.76705,106.67484","10.76705,106.67484__11.13264,106.60704",directed_pair_key_by_code,53.4,135.0,,2 hr 50 min,,3.2672,81.6,81.6,1.5281,SUSPECT_CHANGED,HIGH
20741,20743,88041000,PGD Xuyên Mộc,107.4095097,10.5384199,90331000,PGD Bình Trưng Tây,106.7566664,10.788686,76.57484752361732,TP. Hồ Chí Minh,208,41,"20 min
5.5 km",5.5,20 min,part/output_part_208/ket_qua_tu_0_den_99.xlsx,original_output,ok,88041000__90331000,88041000__90331000,"10.53842,107.40951__10.78869,106.75667","10.53842,107.40951__10.78869,106.75667",directed_pair_key_by_code,87.0,5.5,,20 min,,0.0718,-81.5,81.5,0.9368,SUSPECT_CHANGED,HIGH
19679,19681,88000000,CN Bà Rịa - Vũng Tàu,107.0753056,10.3481944,94200000,CN 11 Thành phố Hồ Chí Minh,106.6474356,10.7568213,65.2088518859795,TP. Hồ Chí Minh,197,79,"26 min
21.6 km",21.6,26 min,part/output_part_197/ket_qua_tu_0_den_99.xlsx,original_output,ok,88000000__94200000,88000000__94200000,"10.34819,107.07531__10.75682,106.64744","10.34819,107.07531__10.75682,106.64744",directed_pair_key_by_code,103.0,21.6,,26 min,,0.3312,-81.4,81.4,0.7903,SUSPECT_CHANGED,HIGH
19836,19838,88031000,PGD Tam Thắng,107.0854444,10.3494722,88032000,PGD Thắng Nhất,107.1119125,10.3980829,6.131725511110738,TP. Hồ Chí Minh,199,36,"1 hr 23 min
89.6 km",89.6,1 hr 23 min,part/output_part_199/ket_qua_tu_0_den_99.xlsx,original_output,ok,88031000__88032000,88031000__88032000,"10.34947,107.08544__10.39808,107.11191","10.34947,107.08544__10.39808,107.11191",directed_pair_key_by_code,8.2,89.6,,1 hr 23 min,,14.6125,81.4,81.4,9.9268,SUSPECT_CHANGED,HIGH
18911,18913,64032000,PGD Mỹ Phước,106.6070371,11.1326431,88031000,PGD Tam Thắng,107.0854444,10.3494722,101.564191485983,TP. Hồ Chí Minh,190,11,"1 hr 20 min
50.7 km",50.7,1 hr 20 min,part/output_part_190/ket_qua_tu_0_den_99.xlsx,original_output,ok,64032000__88031000,64032000__88031000,"11.13264,106.60704__10.34947,107.08544","10.34947,107.08544__11.13264,106.60704",directed_pair_key_by_code,132.0,50.7,,1 hr 20 min,,0.4992,-81.3,81.3,0.6159,SUSPECT_CHANGED,HIGH
18507,18509,64000000,CN Bình Dương,106.6670338,10.982933,88041000,PGD Xuyên Mộc,107.4095097,10.5384199,94.98182639830198,TP. Hồ Chí Minh,186,7,"59 min
34.7 km",34.7,59 min,part/output_part_186/ket_qua_tu_0_den_99.xlsx,original_output,ok,64000000__88041000,64000000__88041000,"10.98293,106.66703__10.53842,107.40951","10.53842,107.40951__10.98293,106.66703",directed_pair_key_by_code,116.0,34.7,,59 min,,0.3653,-81.3,81.3,0.7009,SUSPECT_CHANGED,HIGH
19313,19315,64035000,PGD Tân Đông Hiệp,106.7422824,10.9280524,88031000,PGD Tam Thắng,107.0854444,10.3494722,74.46754409513599,TP. Hồ Chí Minh,194,13,"38 min
22.8 km",22.8,38 min,part/output_part_194/ket_qua_tu_0_den_99.xlsx,original_output,ok,64035000__88031000,64035000__88031000,"10.92805,106.74228__10.34947,107.08544","10.34947,107.08544__10.92805,106.74228",directed_pair_key_by_code,104.0,22.8,,38 min,,0.3062,-81.2,81.2,0.7808,SUSPECT_CHANGED,HIGH
20848,20850,90000000,CN Thành phố Hồ Chí Minh,106.7033737,10.7705105,90131000,PGD Thuận An,106.7161132,10.9005291,14.52422100901907,TP. Hồ Chí Minh,209,48,"1 hr 53 min
102 km",102.0,1 hr 53 min,part/output_part_209/ket_qua_tu_0_den_99.xlsx,original_output,ok,90000000__90131000,90000000__90131000,"10.77051,106.70337__10.90053,106.71611","10.77051,106.70337__10.90053,106.71611",directed_pair_key_by_code,20.9,102.0,,1 hr 53 min,,7.0228,81.1,81.1,3.8804,SUSPECT_CHANGED,HIGH
20066,20068,88032000,PGD Thắng Nhất,107.1119125,10.3980829,94200000,CN 11 Thành phố Hồ Chí Minh,106.6474356,10.7568213,64.56612206650168,TP. Hồ Chí Minh,201,66,"19 min
14.5 km",14.5,19 min,part/output_part_201/ket_qua_tu_0_den_99.xlsx,original_output,ok,88032000__94200000,88032000__94200000,"10.39808,107.11191__10.75682,106.64744","10.39808,107.11191__10.75682,106.64744",directed_pair_key_by_code,95.6,14.5,,19 min,,0.2246,-81.1,81.1,0.8483,SUSPECT_CHANGED,HIGH
19735,19737,88030000,PGD Nguyễn An Ninh,107.0898627,10.3656844,90300000,CN Thủ Thiêm,106.7293726,10.7875464,61.26251670008447,TP. Hồ Chí Minh,198,35,"11 min
8.2 km",8.2,11 min,part/output_part_198/ket_qua_tu_0_den_99.xlsx,original_output,ok,88030000__90300000,88030000__90300000,"10.36568,107.08986__10.78755,106.72937","10.36568,107.08986__10.78755,106.72937",directed_pair_key_by_code,89.1,8.2,,11 min,,0.1339,-80.9,80.9,0.908,SUSPECT_CHANGED,HIGH
18071,18073,16800000,CN Ngô Quyền,106.6925006,20.8607247,34037000,PGD Bình Giang,106.1505193,20.9069647,56.54074417414867,TP. Hải Phòng,181,71,"6 min
3.2 km",3.2,6 min,part/output_part_181/ket_qua_tu_0_den_99.xlsx,original_output,ok,16800000__34037000,16800000__34037000,"20.86072,106.69250__20.90696,106.15052","20.86072,106.69250__20.90696,106.15052",directed_pair_key_by_code,84.1,3.2,,6 min,,0.0566,-80.9,80.9,0.962,SUSPECT_CHANGED,HIGH
20740,20742,88041000,PGD Xuyên Mộc,107.4095097,10.5384199,90330000,PGD An Phú,106.7385273,10.7978598,78.79148217507328,TP. Hồ Chí Minh,208,40,"28 min
8.0 km",8.0,28 min,part/output_part_208/ket_qua_tu_0_den_99.xlsx,original_output,ok,88041000__90330000,88041000__90330000,"10.53842,107.40951__10.79786,106.73853","10.53842,107.40951__10.79786,106.73853",directed_pair_key_by_code,88.9,8.0,,28 min,,0.1015,-80.9,80.9,0.91,SUSPECT_CHANGED,HIGH
18873,18875,64031000,PGD Tân Phước Khánh,106.7169545,11.003797,94000000,CN 10 Thành phố Hồ Chí Minh,106.673082,10.765361,26.94224590103325,TP. Hồ Chí Minh,189,73,"2 hr 23 min
113 km",113.0,2 hr 23 min,part/output_part_189/ket_qua_tu_0_den_99.xlsx,original_output,ok,64031000__94000000,64031000__94000000,"11.00380,106.71695__10.76536,106.67308","10.76536,106.67308__11.00380,106.71695",directed_pair_key_by_code,32.2,113.0,,2 hr 23 min,,4.1942,80.8,80.8,2.5093,SUSPECT_CHANGED,HIGH
20787,20789,88041000,PGD Xuyên Mộc,107.4095097,10.5384199,92434000,PGD Lương Định Của,106.736647,10.7829335,78.39342633396791,TP. Hồ Chí Minh,208,87,"29 min
8.3 km",8.3,29 min,part/output_part_208/ket_qua_tu_0_den_99.xlsx,original_output,ok,88041000__92434000,88041000__92434000,"10.53842,107.40951__10.78293,106.73665","10.53842,107.40951__10.78293,106.73665",directed_pair_key_by_code,88.9,8.3,,29 min,,0.1059,-80.6,80.6,0.9066,SUSPECT_CHANGED,HIGH
19187,19189,64034000,PGD Phú Giáo,106.7955924,11.29029,88041000,PGD Xuyên Mộc,107.4095097,10.5384199,107.1568382850197,TP. Hồ Chí Minh,192,87,"1 hr 44 min
70.9 km",70.9,1 hr 44 min,part/output_part_192/ket_qua_tu_0_den_99.xlsx,original_output,ok,64034000__88041000,64034000__88041000,"11.29029,106.79559__10.53842,107.40951","10.53842,107.40951__11.29029,106.79559",directed_pair_key_by_code,151.0,70.9,,1 hr 44 min,,0.6616,-80.1,80.1,0.5305,SUSPECT_CHANGED,HIGH
20752,20754,88041000,PGD Xuyên Mộc,107.4095097,10.5384199,90635000,PGD Đô Thành,106.6756618,10.7892362,84.9023696478661,TP. Hồ Chí Minh,208,52,"46 min
19.1 km",19.1,46 min,part/output_part_208/ket_qua_tu_0_den_99.xlsx,original_output,ok,88041000__90635000,88041000__90635000,"10.53842,107.40951__10.78924,106.67566","10.53842,107.40951__10.78924,106.67566",directed_pair_key_by_code,99.1,19.1,,46 min,,0.225,-80.0,80.0,0.8073,SUSPECT_CHANGED,HIGH
20847,20849,90000000,CN Thành phố Hồ Chí Minh,106.7033737,10.7705105,90130000,PGD An Phú,106.7423901,10.9494629,20.34967229504803,TP. Hồ Chí Minh,209,47,"2 hr
107 km",107.0,2 hr,part/output_part_209/ket_qua_tu_0_den_99.xlsx,original_output,ok,90000000__90130000,90000000__90130000,"10.77051,106.70337__10.94946,106.74239","10.77051,106.70337__10.94946,106.74239",directed_pair_key_by_code,27.1,107.0,,2 hr,,5.2581,79.9,79.9,2.9483,SUSPECT_CHANGED,HIGH
