global_index,original_excel_row,ma_phong_ban_1,ten_phong_ban_1,kinh_do_1,vi_do_1,ma_phong_ban_2,ten_phong_ban_2,kinh_do_2,vi_do_2,khoang_cach_chim_bay,tinh_thanh,PART_ID,row_in_part,Khoảng cách đường bộ,Khoảng cách đường bộ km,thời gian,source_output_file,source_kind,crawl_status,old_kinh_do_1,old_vi_do_1,old_kinh_do_2,old_vi_do_2,coord_update_note,recrawl_machine_id,recrawl_attempts,recrawl_status,recrawl_distance_text,recrawl_distance_km,recrawl_duration_text,recrawl_raw_text,recrawl_screenshot_path,recrawl_attempts_json
3307,3309,24000000,CN Phú Thọ,105.3895,21.317047,24832000,PGD Phong Châu,105.292801,21.339281,11.27864314629475,Phú Thọ,34,7,"23 min
14.3 km",14.3,23 min,part/output_part_34/ket_qua_tu_0_den_99.xlsx,original_output,ok,105.3895,21.317047,105.285056,21.345738,updated point 2 PGD Phong Chau 24832000,PHONG_CHAU_24832000,1,OK,13.5 km,13.5,21 min,"21 min
13.5 km",,"[{""attempt"": 1, ""origin_input"": ""21.317047,105.3895"", ""destination_input"": ""21.339281,105.292801"", ""google_maps_url"": ""https://www.google.com/maps/dir/21.317047,105.3895/21.339281,105.292801/data=!4m2!4m1!3e0"", ""crawl_timestamp"": ""2026-05-11T14:22:38"", ""current_url_after_load"": ""https://www.google.com/maps/dir/21.317047,105.3895/21.339281,105.292801/data=!4m2!4m1!3e0"", ""page_title"": ""1514 Đ. Hùng Vương, Việt Trì, Phú Thọ, Vietnam to CÔNG TY TNHH XD VÀ PCCC DẦU KHÍ THĂNG LONG, Âu Cơ, Lâm Thao, Phú Thọ 35257, Vietnam - Google Maps"", ""route_panel_raw_text"": ""\nLeave now\n\nOptions\n\nSend directions to your phone\n\nCopy link\n\n21 min\n13.5 km\nvia Tôn Đức Thắng\nBest route\nDetails\nPreview\n\n20 min\n13.4 km\nvia Đ. Lạc Long Quân and Tôn Đức Thắng\n\n24 min\n13.5 km\nvia Hùng Vương/QL2 and Đ. Nguyễn Tất Thành\nExplore nearby CÔNG TY TNHH XD VÀ PCCC DẦU KHÍ THĂNG LONG\n\nRestaurants\n\nHotels\n\nGas stations\n\nParking Lots\n\nMore\n\nNew! Continue your trip, tap the notification on your phone to get directions\n"", ""selected_route_index"": 0, ""selected_route_selector"": ""div.XdKEzd"", ""selected_route_raw_text"": ""21 min\n13.5 km"", ""parsed_distance_text"": ""13.5 km"", ""parsed_duration_text"": ""21 min"", ""parsed_distance_km"": 13.5, ""all_distance_texts"": [""13.5 km""], ""screenshot_path"": null, ""status_check"": ""OK""}]"
3357,3359,24030000,PGD Trung tâm,105.3985889,21.3118194,24832000,PGD Phong Châu,105.292801,21.339281,12.34965817013081,Phú Thọ,34,57,"24 min
15.1 km",15.1,24 min,part/output_part_34/ket_qua_tu_0_den_99.xlsx,original_output,ok,105.3985889,21.3118194,105.285056,21.345738,updated point 2 PGD Phong Chau 24832000,PHONG_CHAU_24832000,1,OK,14.1 km,14.1,20 min,"20 min
14.1 km",,"[{""attempt"": 1, ""origin_input"": ""21.3118194,105.3985889"", ""destination_input"": ""21.339281,105.292801"", ""google_maps_url"": ""https://www.google.com/maps/dir/21.3118194,105.3985889/21.339281,105.292801/data=!4m2!4m1!3e0"", ""crawl_timestamp"": ""2026-05-11T14:22:42"", ""current_url_after_load"": ""https://www.google.com/maps/dir/21.3118194,105.3985889/21.339281,105.292801/data=!4m2!4m1!3e0"", ""page_title"": ""Phòng GD Vietinbank Việt Trì, 1464 Đ. Hùng Vương, Thanh Miếu, Phú Thọ, Vietnam to CÔNG TY TNHH XD VÀ PCCC DẦU KHÍ THĂNG LONG, Âu Cơ, Lâm Thao, Phú Thọ 35257, Vietnam - Google Maps"", ""route_panel_raw_text"": ""\nLeave now\n\nOptions\n\nSend directions to your phone\n\nCopy link\n\n20 min\n14.1 km\nvia Tôn Đức Thắng\nFastest route, the usual traffic\nDetails\nPreview\n\n21 min\n14.2 km\nvia Đ. Lạc Long Quân and Tôn Đức Thắng\n\n27 min\n16.0 km\nvia Đ. Nguyễn Tất Thành\nExplore nearby CÔNG TY TNHH XD VÀ PCCC DẦU KHÍ THĂNG LONG\n\nRestaurants\n\nHotels\n\nGas stations\n\nParking Lots\n\nMore\n\nNew! Continue your trip, tap the notification on your phone to get directions\n"", ""selected_route_index"": 0, ""selected_route_selector"": ""div.XdKEzd"", ""selected_route_raw_text"": ""20 min\n14.1 km"", ""parsed_distance_text"": ""14.1 km"", ""parsed_duration_text"": ""20 min"", ""parsed_distance_km"": 14.1, ""all_distance_texts"": [""14.1 km""], ""screenshot_path"": null, ""status_check"": ""OK""}]"
3406,3408,24032000,PGD Nông Trang,105.3712672,21.3371986,24832000,PGD Phong Châu,105.292801,21.339281,8.979259924538955,Phú Thọ,35,6,"21 min
11.5 km",11.5,21 min,part/output_part_35/ket_qua_tu_0_den_99.xlsx,original_output,ok,105.3712672,21.3371986,105.285056,21.345738,updated point 2 PGD Phong Chau 24832000,PHONG_CHAU_24832000,1,OK,10.5 km,10.5,17 min,"17 min
10.5 km",,"[{""attempt"": 1, ""origin_input"": ""21.3371986,105.3712672"", ""destination_input"": ""21.339281,105.292801"", ""google_maps_url"": ""https://www.google.com/maps/dir/21.3371986,105.3712672/21.339281,105.292801/data=!4m2!4m1!3e0"", ""crawl_timestamp"": ""2026-05-11T14:22:45"", ""current_url_after_load"": ""https://www.google.com/maps/dir/21.3371986,105.3712672/21.339281,105.292801/data=!4m2!4m1!3e0"", ""page_title"": ""2256 QL2, Nông Trang, Phú Thọ, Vietnam to CÔNG TY TNHH XD VÀ PCCC DẦU KHÍ THĂNG LONG, Âu Cơ, Lâm Thao, Phú Thọ 35257, Vietnam - Google Maps"", ""route_panel_raw_text"": ""\nLeave now\n\nOptions\n\nSend directions to your phone\n\nCopy link\n\n17 min\n10.5 km\nvia Đ. Nguyễn Tất Thành and Chu Hóa\nFastest route, the usual traffic\nDetails\nPreview\n\n20 min\n11.9 km\nvia Tôn Đức Thắng\n\n19 min\n12.8 km\nvia Nguyệt Cư and Tôn Đức Thắng\nExplore nearby CÔNG TY TNHH XD VÀ PCCC DẦU KHÍ THĂNG LONG\n\nRestaurants\n\nHotels\n\nGas stations\n\nParking Lots\n\nMore\n\nNew! Continue your trip, tap the notification on your phone to get directions\n"", ""selected_route_index"": 0, ""selected_route_selector"": ""div.XdKEzd"", ""selected_route_raw_text"": ""17 min\n10.5 km"", ""parsed_distance_text"": ""10.5 km"", ""parsed_duration_text"": ""17 min"", ""parsed_distance_km"": 10.5, ""all_distance_texts"": [""10.5 km""], ""screenshot_path"": null, ""status_check"": ""OK""}]"
3454,3456,24034000,PGD Việt Trì,105.405247,21.3413701,24832000,PGD Phong Châu,105.292801,21.339281,12.45750245975509,Phú Thọ,35,54,"27 min
15.5 km",15.5,27 min,part/output_part_35/ket_qua_tu_0_den_99.xlsx,original_output,ok,105.405247,21.3413701,105.285056,21.345738,updated point 2 PGD Phong Chau 24832000,PHONG_CHAU_24832000,1,OK,14.6 km,14.6,23 min,"23 min
14.6 km",,"[{""attempt"": 1, ""origin_input"": ""21.3413701,105.405247"", ""destination_input"": ""21.339281,105.292801"", ""google_maps_url"": ""https://www.google.com/maps/dir/21.3413701,105.405247/21.339281,105.292801/data=!4m2!4m1!3e0"", ""crawl_timestamp"": ""2026-05-11T14:22:47"", ""current_url_after_load"": ""https://www.google.com/maps/dir/21.3413701,105.405247/21.339281,105.292801/data=!4m2!4m1!3e0"", ""page_title"": ""Kim Oanh Giường Tủ - Bàn Học Sinh, 8CR4+G3X, Trần Phú, Việt Trì, Phú Thọ, Vietnam to CÔNG TY TNHH XD VÀ PCCC DẦU KHÍ THĂNG LONG, Âu Cơ, Lâm Thao, Phú Thọ 35257, Vietnam - Google Maps"", ""route_panel_raw_text"": ""\nLeave now\n\nOptions\n\nSend directions to your phone\n\nCopy link\n\n23 min\n14.6 km\nvia Đ. Nguyễn Tất Thành\nFastest route now due to traffic conditions\nDetails\nPreview\n\n25 min\n16.9 km\nvia Chu Hóa\n\n25 min\n16.2 km\nvia Tôn Đức Thắng\nExplore nearby CÔNG TY TNHH XD VÀ PCCC DẦU KHÍ THĂNG LONG\n\nRestaurants\n\nHotels\n\nGas stations\n\nParking Lots\n\nMore\n\nNew! Continue your trip, tap the notification on your phone to get directions\n"", ""selected_route_index"": 0, ""selected_route_selector"": ""div.XdKEzd"", ""selected_route_raw_text"": ""23 min\n14.6 km"", ""parsed_distance_text"": ""14.6 km"", ""parsed_duration_text"": ""23 min"", ""parsed_distance_km"": 14.6, ""all_distance_texts"": [""14.6 km""], ""screenshot_path"": null, ""status_check"": ""OK""}]"
3501,3503,24037000,PGD Lâm Thao,105.2912916,21.3363021,24832000,PGD Phong Châu,105.292801,21.339281,1.232056687881576,Phú Thọ,36,1,"5 min
2.2 km",2.2,5 min,part/output_part_36/ket_qua_tu_0_den_99.xlsx,original_output,ok,105.2912916,21.3363021,105.285056,21.345738,updated point 2 PGD Phong Chau 24832000,PHONG_CHAU_24832000,1,OK,350 m,0.35,1 min,"1 min
350 m",,"[{""attempt"": 1, ""origin_input"": ""21.3363021,105.2912916"", ""destination_input"": ""21.339281,105.292801"", ""google_maps_url"": ""https://www.google.com/maps/dir/21.3363021,105.2912916/21.339281,105.292801/data=!4m2!4m1!3e0"", ""crawl_timestamp"": ""2026-05-11T14:22:50"", ""current_url_after_load"": ""https://www.google.com/maps/dir/21.3363021,105.2912916/21.339281,105.292801/data=!4m2!4m1!3e0"", ""page_title"": ""314 QL32C, Lâm Thao, Phú Thọ, Vietnam to CÔNG TY TNHH XD VÀ PCCC DẦU KHÍ THĂNG LONG, Âu Cơ, Lâm Thao, Phú Thọ 35257, Vietnam - Google Maps"", ""route_panel_raw_text"": ""\nLeave now\n\nOptions\n\nSend directions to your phone\n\nCopy link\n\n1 min\n350 m\nvia Âu Cơ/QL32C\nFastest route, the usual traffic\nDetails\nPreview\nExplore nearby CÔNG TY TNHH XD VÀ PCCC DẦU KHÍ THĂNG LONG\n\nRestaurants\n\nHotels\n\nGas stations\n\nParking Lots\n\nMore\n\nNew! Continue your trip, tap the notification on your phone to get directions\n"", ""selected_route_index"": 0, ""selected_route_selector"": ""div.XdKEzd"", ""selected_route_raw_text"": ""1 min\n350 m"", ""parsed_distance_text"": ""350 m"", ""parsed_duration_text"": ""1 min"", ""parsed_distance_km"": 0.35, ""all_distance_texts"": [""350 m""], ""screenshot_path"": null, ""status_check"": ""OK""}]"
3547,3549,24039000,PGD Thanh Thuỷ,105.2824387,21.1733139,24832000,PGD Phong Châu,105.292801,21.339281,19.17462997290131,Phú Thọ,36,47,"38 min
26.3 km",26.3,38 min,part/output_part_36/ket_qua_tu_0_den_99.xlsx,original_output,ok,105.2824387,21.1733139,105.285056,21.345738,updated point 2 PGD Phong Chau 24832000,PHONG_CHAU_24832000,1,OK,25.4 km,25.4,36 min,"36 min
25.4 km",,"[{""attempt"": 1, ""origin_input"": ""21.1733139,105.2824387"", ""destination_input"": ""21.339281,105.292801"", ""google_maps_url"": ""https://www.google.com/maps/dir/21.1733139,105.2824387/21.339281,105.292801/data=!4m2!4m1!3e0"", ""crawl_timestamp"": ""2026-05-11T14:22:53"", ""current_url_after_load"": ""https://www.google.com/maps/dir/21.1733139,105.2824387/21.339281,105.292801/data=!4m2!4m1!3e0"", ""page_title"": ""Máy tính Minh Đức, 57FJ+9WG, ĐT317, La Phù, Thanh Thủy, Phú Thọ, Vietnam to CÔNG TY TNHH XD VÀ PCCC DẦU KHÍ THĂNG LONG, Âu Cơ, Lâm Thao, Phú Thọ 35257, Vietnam - Google Maps"", ""route_panel_raw_text"": ""\nLeave now\n\nOptions\n\nSend directions to your phone\n\nCopy link\n\n36 min\n25.4 km\nvia CT02\nFastest route now due to traffic conditions\nDetails\nPreview\n\n36 min\n25.6 km\nvia ĐT317 and CT02\n\n36 min\n25.8 km\nvia CT02 and ĐT320\nExplore nearby CÔNG TY TNHH XD VÀ PCCC DẦU KHÍ THĂNG LONG\n\nRestaurants\n\nHotels\n\nGas stations\n\nParking Lots\n\nMore\n\nNew! Continue your trip, tap the notification on your phone to get directions\n"", ""selected_route_index"": 0, ""selected_route_selector"": ""div.XdKEzd"", ""selected_route_raw_text"": ""36 min\n25.4 km"", ""parsed_distance_text"": ""25.4 km"", ""parsed_duration_text"": ""36 min"", ""parsed_distance_km"": 25.4, ""all_distance_texts"": [""25.4 km""], ""screenshot_path"": null, ""status_check"": ""OK""}]"
3592,3594,24200000,CN Hùng Vương,105.4212113,21.3044202,24832000,PGD Phong Châu,105.292801,21.339281,14.83268101772907,Phú Thọ,36,92,"26 min
17.6 km",17.6,26 min,part/output_part_36/ket_qua_tu_0_den_99.xlsx,original_output,ok,105.4212113,21.3044202,105.285056,21.345738,updated point 2 PGD Phong Chau 24832000,PHONG_CHAU_24832000,1,OK,16.6 km,16.6,23 min,"23 min
16.6 km",,"[{""attempt"": 1, ""origin_input"": ""21.3044202,105.4212113"", ""destination_input"": ""21.339281,105.292801"", ""google_maps_url"": ""https://www.google.com/maps/dir/21.3044202,105.4212113/21.339281,105.292801/data=!4m2!4m1!3e0"", ""crawl_timestamp"": ""2026-05-11T14:22:56"", ""current_url_after_load"": ""https://www.google.com/maps/dir/21.3044202,105.4212113/21.339281,105.292801/data=!4m2!4m1!3e0"", ""page_title"": ""806 Đ. Hùng Vương, Thanh Miếu, Phú Thọ, Vietnam to CÔNG TY TNHH XD VÀ PCCC DẦU KHÍ THĂNG LONG, Âu Cơ, Lâm Thao, Phú Thọ 35257, Vietnam - Google Maps"", ""route_panel_raw_text"": ""\nLeave now\n\nOptions\n\nSend directions to your phone\n\nCopy link\n\n23 min\n16.6 km\nvia Tôn Đức Thắng\nFastest route, the usual traffic\nDetails\nPreview\n\n23 min\n16.5 km\nvia Đường Lạc Long Quân and Tôn Đức Thắng\n\n24 min\n16.5 km\nvia Đ. Lạc Long Quân and Tôn Đức Thắng\nExplore nearby CÔNG TY TNHH XD VÀ PCCC DẦU KHÍ THĂNG LONG\n\nRestaurants\n\nHotels\n\nGas stations\n\nParking Lots\n\nMore\n\nNew! Continue your trip, tap the notification on your phone to get directions\n"", ""selected_route_index"": 0, ""selected_route_selector"": ""div.XdKEzd"", ""selected_route_raw_text"": ""23 min\n16.6 km"", ""parsed_distance_text"": ""16.6 km"", ""parsed_duration_text"": ""23 min"", ""parsed_distance_km"": 16.6, ""all_distance_texts"": [""16.6 km""], ""screenshot_path"": null, ""status_check"": ""OK""}]"
3636,3638,24231000,PGD Hoà Phong,105.3880818,21.3291221,24832000,PGD Phong Châu,105.292801,21.339281,10.82947144880261,Phú Thọ,37,36,"23 min
13.5 km",13.5,23 min,part/output_part_37/ket_qua_tu_0_den_99.xlsx,original_output,ok,105.3880818,21.3291221,105.285056,21.345738,updated point 2 PGD Phong Chau 24832000,PHONG_CHAU_24832000,1,OK,12.5 km,12.5,20 min,"20 min
12.5 km",,"[{""attempt"": 1, ""origin_input"": ""21.3291221,105.3880818"", ""destination_input"": ""21.339281,105.292801"", ""google_maps_url"": ""https://www.google.com/maps/dir/21.3291221,105.3880818/21.339281,105.292801/data=!4m2!4m1!3e0"", ""crawl_timestamp"": ""2026-05-11T14:22:59"", ""current_url_after_load"": ""https://www.google.com/maps/dir/21.3291221,105.3880818/21.339281,105.292801/data=!4m2!4m1!3e0"", ""page_title"": ""458 Đ. Nguyễn Tất Thành, Nông Trang, Phú Thọ, Vietnam to CÔNG TY TNHH XD VÀ PCCC DẦU KHÍ THĂNG LONG, Âu Cơ, Lâm Thao, Phú Thọ 35257, Vietnam - Google Maps"", ""route_panel_raw_text"": ""\nLeave now\n\nOptions\n\nSend directions to your phone\n\nCopy link\n\n20 min\n12.5 km\nvia Đ. Nguyễn Tất Thành\nFastest route, the usual traffic\nDetails\nPreview\n\n20 min\n13.4 km\nvia Tôn Đức Thắng\n\n26 min\n17.1 km\nvia Chu Hóa\nExplore nearby CÔNG TY TNHH XD VÀ PCCC DẦU KHÍ THĂNG LONG\n\nRestaurants\n\nHotels\n\nGas stations\n\nParking Lots\n\nMore\n\nNew! Continue your trip, tap the notification on your phone to get directions\n"", ""selected_route_index"": 0, ""selected_route_selector"": ""div.XdKEzd"", ""selected_route_raw_text"": ""20 min\n12.5 km"", ""parsed_distance_text"": ""12.5 km"", ""parsed_duration_text"": ""20 min"", ""parsed_distance_km"": 12.5, ""all_distance_texts"": [""12.5 km""], ""screenshot_path"": null, ""status_check"": ""OK""}]"
3679,3681,24232000,PGD Minh Phương,105.3759601,21.3314088,24832000,PGD Phong Châu,105.292801,21.339281,9.549012762986866,Phú Thọ,37,79,"21 min
13.0 km",13.0,21 min,part/output_part_37/ket_qua_tu_0_den_99.xlsx,original_output,ok,105.3759601,21.3314088,105.285056,21.345738,updated point 2 PGD Phong Chau 24832000,PHONG_CHAU_24832000,1,OK,12.0 km,12.0,17 min,"17 min
12.0 km",,"[{""attempt"": 1, ""origin_input"": ""21.3314088,105.3759601"", ""destination_input"": ""21.339281,105.292801"", ""google_maps_url"": ""https://www.google.com/maps/dir/21.3314088,105.3759601/21.339281,105.292801/data=!4m2!4m1!3e0"", ""crawl_timestamp"": ""2026-05-11T14:23:02"", ""current_url_after_load"": ""https://www.google.com/maps/dir/21.3314088,105.3759601/21.339281,105.292801/data=!4m2!4m1!3e0"", ""page_title"": ""2601 Hùng Vương, Nông Trang, Phú Thọ, Vietnam to CÔNG TY TNHH XD VÀ PCCC DẦU KHÍ THĂNG LONG, Âu Cơ, Lâm Thao, Phú Thọ 35257, Vietnam - Google Maps"", ""route_panel_raw_text"": ""\nLeave now\n\nOptions\n\nSend directions to your phone\n\nCopy link\n\n17 min\n12.0 km\nvia Tôn Đức Thắng\nFastest route, the usual traffic\nDetails\nPreview\n\n19 min\n11.4 km\nvia Hùng Vương/QL2 and Đ. Nguyễn Tất Thành\n\n20 min\n12.1 km\nvia Đ. Nguyễn Tất Thành\nExplore nearby CÔNG TY TNHH XD VÀ PCCC DẦU KHÍ THĂNG LONG\n\nRestaurants\n\nHotels\n\nGas stations\n\nParking Lots\n\nMore\n\nNew! Continue your trip, tap the notification on your phone to get directions\n"", ""selected_route_index"": 0, ""selected_route_selector"": ""div.XdKEzd"", ""selected_route_raw_text"": ""17 min\n12.0 km"", ""parsed_distance_text"": ""12.0 km"", ""parsed_duration_text"": ""17 min"", ""parsed_distance_km"": 12.0, ""all_distance_texts"": [""12.0 km""], ""screenshot_path"": null, ""status_check"": ""OK""}]"
3721,3723,24233000,PGD Bạch Hạc,105.437828,21.292337,24832000,PGD Phong Châu,105.292801,21.339281,16.90239966003324,Phú Thọ,38,21,22.7 km,22.7,33 min,part/output_part_38/ket_qua_tu_0_den_99.xlsx,original_output,recrawled_ok,105.437828,21.292337,105.285056,21.345738,updated point 2 PGD Phong Chau 24832000,PHONG_CHAU_24832000,1,OK,21.7 km,21.7,31 min,"31 min
21.7 km",,"[{""attempt"": 1, ""origin_input"": ""21.292337,105.437828"", ""destination_input"": ""21.339281,105.292801"", ""google_maps_url"": ""https://www.google.com/maps/dir/21.292337,105.437828/21.339281,105.292801/data=!4m2!4m1!3e0"", ""crawl_timestamp"": ""2026-05-11T14:23:05"", ""current_url_after_load"": ""https://www.google.com/maps/dir/21.292337,105.437828/21.339281,105.292801/data=!4m2!4m1!3e0"", ""page_title"": ""219 Phố Phong Châu, Thanh Miếu, Phú Thọ, Vietnam to CÔNG TY TNHH XD VÀ PCCC DẦU KHÍ THĂNG LONG, Âu Cơ, Lâm Thao, Phú Thọ 35257, Vietnam - Google Maps"", ""route_panel_raw_text"": ""\nLeave now\n\nOptions\n\nSend directions to your phone\n\nCopy link\n\n31 min\n21.7 km\nvia Tôn Đức Thắng\nFastest route, the usual traffic\nDetails\nPreview\n\n36 min\n21.9 km\nvia Đ. Nguyễn Tất Thành\n\n37 min\n26.1 km\nvia Đ. Trường Chinh\nExplore nearby CÔNG TY TNHH XD VÀ PCCC DẦU KHÍ THĂNG LONG\n\nRestaurants\n\nHotels\n\nGas stations\n\nParking Lots\n\nMore\n\nNew! Continue your trip, tap the notification on your phone to get directions\n"", ""selected_route_index"": 0, ""selected_route_selector"": ""div.XdKEzd"", ""selected_route_raw_text"": ""31 min\n21.7 km"", ""parsed_distance_text"": ""21.7 km"", ""parsed_duration_text"": ""31 min"", ""parsed_distance_km"": 21.7, ""all_distance_texts"": [""21.7 km""], ""screenshot_path"": null, ""status_check"": ""OK""}]"
3762,3764,24234000,PGD Phố Gát,105.4135246,21.3041994,24832000,PGD Phong Châu,105.292801,21.339281,14.08583771632023,Phú Thọ,38,62,"25 min
16.9 km",16.9,25 min,part/output_part_38/ket_qua_tu_0_den_99.xlsx,original_output,ok,105.4135246,21.3041994,105.285056,21.345738,updated point 2 PGD Phong Chau 24832000,PHONG_CHAU_24832000,1,OK,16.0 km,16.0,22 min,"22 min
16.0 km",,"[{""attempt"": 1, ""origin_input"": ""21.3041994,105.4135246"", ""destination_input"": ""21.339281,105.292801"", ""google_maps_url"": ""https://www.google.com/maps/dir/21.3041994,105.4135246/21.339281,105.292801/data=!4m2!4m1!3e0"", ""crawl_timestamp"": ""2026-05-11T14:23:08"", ""current_url_after_load"": ""https://www.google.com/maps/dir/21.3041994,105.4135246/21.339281,105.292801/data=!4m2!4m1!3e0"", ""page_title"": ""Sơn Dulux Dung Đài, 1071 Đ. Hùng Vương, Thanh Miếu, Phú Thọ 292140, Vietnam to CÔNG TY TNHH XD VÀ PCCC DẦU KHÍ THĂNG LONG, Âu Cơ, Lâm Thao, Phú Thọ 35257, Vietnam - Google Maps"", ""route_panel_raw_text"": ""\nLeave now\n\nOptions\n\nSend directions to your phone\n\nCopy link\n\n22 min\n16.0 km\nvia Tôn Đức Thắng\nFastest route, the usual traffic\nDetails\nPreview\n\n22 min\n16.0 km\nvia Đ. Lạc Long Quân and Tôn Đức Thắng\n\n29 min\n17.4 km\nvia Đ. Nguyễn Tất Thành\nExplore nearby CÔNG TY TNHH XD VÀ PCCC DẦU KHÍ THĂNG LONG\n\nRestaurants\n\nHotels\n\nGas stations\n\nParking Lots\n\nMore\n\nNew! Continue your trip, tap the notification on your phone to get directions\n"", ""selected_route_index"": 0, ""selected_route_selector"": ""div.XdKEzd"", ""selected_route_raw_text"": ""22 min\n16.0 km"", ""parsed_distance_text"": ""16.0 km"", ""parsed_duration_text"": ""22 min"", ""parsed_distance_km"": 16.0, ""all_distance_texts"": [""16.0 km""], ""screenshot_path"": null, ""status_check"": ""OK""}]"
3802,3804,24400000,CN TX. Phú Thọ,105.2232767,21.400478,24832000,PGD Phong Châu,105.292801,21.339281,8.830199674335478,Phú Thọ,39,2,"16 min
11.1 km",11.1,16 min,part/output_part_39/ket_qua_tu_0_den_99.xlsx,original_output,ok,105.2232767,21.400478,105.285056,21.345738,updated point 2 PGD Phong Chau 24832000,PHONG_CHAU_24832000,1,OK,13.4 km,13.4,18 min,"18 min
13.4 km",,"[{""attempt"": 1, ""origin_input"": ""21.400478,105.2232767"", ""destination_input"": ""21.339281,105.292801"", ""google_maps_url"": ""https://www.google.com/maps/dir/21.400478,105.2232767/21.339281,105.292801/data=!4m2!4m1!3e0"", ""crawl_timestamp"": ""2026-05-11T14:23:11"", ""current_url_after_load"": ""https://www.google.com/maps/dir/21.400478,105.2232767/21.339281,105.292801/data=!4m2!4m1!3e0"", ""page_title"": ""ATM Vietinbank - TX Phú Thọ, C62F+58C, Phú An, Phong Châu, Phú Thọ, Vietnam to CÔNG TY TNHH XD VÀ PCCC DẦU KHÍ THĂNG LONG, Âu Cơ, Lâm Thao, Phú Thọ 35257, Vietnam - Google Maps"", ""route_panel_raw_text"": ""\nLeave now\n\nOptions\n\nSend directions to your phone\n\nCopy link\n\n18 min\n13.4 km\nvia ĐT320\nFastest route, the usual traffic\nDetails\nPreview\n\n22 min\n13.8 km\nvia ĐT320 and Âu Cơ/QL32C\n\n23 min\n14.7 km\nvia ĐT. 325B and QL32C\nExplore nearby CÔNG TY TNHH XD VÀ PCCC DẦU KHÍ THĂNG LONG\n\nRestaurants\n\nHotels\n\nGas stations\n\nParking Lots\n\nMore\n\nNew! Continue your trip, tap the notification on your phone to get directions\n"", ""selected_route_index"": 0, ""selected_route_selector"": ""div.XdKEzd"", ""selected_route_raw_text"": ""18 min\n13.4 km"", ""parsed_distance_text"": ""13.4 km"", ""parsed_duration_text"": ""18 min"", ""parsed_distance_km"": 13.4, ""all_distance_texts"": [""13.4 km""], ""screenshot_path"": null, ""status_check"": ""OK""}]"
3841,3843,24430000,PGD Chợ Mè,105.2229499,21.3968812,24832000,PGD Phong Châu,105.292801,21.339281,8.58479419651624,Phú Thọ,39,41,"17 min
11.2 km",11.2,17 min,part/output_part_39/ket_qua_tu_0_den_99.xlsx,original_output,ok,105.2229499,21.3968812,105.285056,21.345738,updated point 2 PGD Phong Chau 24832000,PHONG_CHAU_24832000,1,OK,13.5 km,13.5,18 min,"18 min
13.5 km",,"[{""attempt"": 1, ""origin_input"": ""21.3968812,105.2229499"", ""destination_input"": ""21.339281,105.292801"", ""google_maps_url"": ""https://www.google.com/maps/dir/21.3968812,105.2229499/21.339281,105.292801/data=!4m2!4m1!3e0"", ""crawl_timestamp"": ""2026-05-11T14:23:14"", ""current_url_after_load"": ""https://www.google.com/maps/dir/21.3968812,105.2229499/21.339281,105.292801/data=!4m2!4m1!3e0"", ""page_title"": ""PGD Chợ Mè - NH Công thương Việt Nam Vietinbank, 96WF+P5W, Bạch Đằng, Âu Cơ, Phú Thọ, Vietnam to CÔNG TY TNHH XD VÀ PCCC DẦU KHÍ THĂNG LONG, Âu Cơ, Lâm Thao, Phú Thọ 35257, Vietnam - Google Maps"", ""route_panel_raw_text"": ""\nLeave now\n\nOptions\n\nSend directions to your phone\n\nCopy link\n\n18 min\n13.5 km\nvia ĐT320\nFastest route, the usual traffic\nDetails\nPreview\n\n22 min\n13.9 km\nvia ĐT320 and Âu Cơ/QL32C\n\n23 min\n14.8 km\nvia ĐT. 325B and QL32C\nExplore nearby CÔNG TY TNHH XD VÀ PCCC DẦU KHÍ THĂNG LONG\n\nRestaurants\n\nHotels\n\nGas stations\n\nParking Lots\n\nMore\n\nNew! Continue your trip, tap the notification on your phone to get directions\n"", ""selected_route_index"": 0, ""selected_route_selector"": ""div.XdKEzd"", ""selected_route_raw_text"": ""18 min\n13.5 km"", ""parsed_distance_text"": ""13.5 km"", ""parsed_duration_text"": ""18 min"", ""parsed_distance_km"": 13.5, ""all_distance_texts"": [""13.5 km""], ""screenshot_path"": null, ""status_check"": ""OK""}]"
3879,3881,24431000,PGD Hùng Vương,105.2119023,21.4041162,24832000,PGD Phong Châu,105.292801,21.339281,9.975754483214557,Phú Thọ,39,79,"20 min
12.7 km",12.7,20 min,part/output_part_39/ket_qua_tu_0_den_99.xlsx,original_output,ok,105.2119023,21.4041162,105.285056,21.345738,updated point 2 PGD Phong Chau 24832000,PHONG_CHAU_24832000,1,OK,14.9 km,14.9,23 min,"23 min
14.9 km",,"[{""attempt"": 1, ""origin_input"": ""21.4041162,105.2119023"", ""destination_input"": ""21.339281,105.292801"", ""google_maps_url"": ""https://www.google.com/maps/dir/21.4041162,105.2119023/21.339281,105.292801/data=!4m2!4m1!3e0"", ""crawl_timestamp"": ""2026-05-11T14:23:17"", ""current_url_after_load"": ""https://www.google.com/maps/dir/21.4041162,105.2119023/21.339281,105.292801/data=!4m2!4m1!3e0"", ""page_title"": ""ATM Vietinbank, C636+MQ3, Đinh Tiên Hoàng, Phú Thọ, Vietnam to CÔNG TY TNHH XD VÀ PCCC DẦU KHÍ THĂNG LONG, Âu Cơ, Lâm Thao, Phú Thọ 35257, Vietnam - Google Maps"", ""route_panel_raw_text"": ""\nLeave now\n\nOptions\n\nSend directions to your phone\n\nCopy link\n\n23 min\n14.9 km\nvia ĐT320\nFastest route, the usual traffic\nDetails\nPreview\n\n25 min\n17.5 km\nvia ĐT320 and Âu Cơ/QL32C\n\n27 min\n16.8 km\nvia ĐT. 325B and QL32C\nExplore nearby CÔNG TY TNHH XD VÀ PCCC DẦU KHÍ THĂNG LONG\n\nRestaurants\n\nHotels\n\nGas stations\n\nParking Lots\n\nMore\n\nNew! Continue your trip, tap the notification on your phone to get directions\n"", ""selected_route_index"": 0, ""selected_route_selector"": ""div.XdKEzd"", ""selected_route_raw_text"": ""23 min\n14.9 km"", ""parsed_distance_text"": ""14.9 km"", ""parsed_duration_text"": ""23 min"", ""parsed_distance_km"": 14.9, ""all_distance_texts"": [""14.9 km""], ""screenshot_path"": null, ""status_check"": ""OK""}]"
3916,3918,24432000,PGD Công Thương Thanh Ba,105.1404626,21.501223,24832000,PGD Phong Châu,105.292801,21.339281,22.86769651657901,Phú Thọ,40,16,"40 min
27.6 km",27.6,40 min,part/output_part_40/ket_qua_tu_0_den_99.xlsx,original_output,ok,105.1404626,21.501223,105.285056,21.345738,updated point 2 PGD Phong Chau 24832000,PHONG_CHAU_24832000,1,OK,29.9 km,29.9,42 min,"42 min
29.9 km",,"[{""attempt"": 1, ""origin_input"": ""21.501223,105.1404626"", ""destination_input"": ""21.339281,105.292801"", ""google_maps_url"": ""https://www.google.com/maps/dir/21.501223,105.1404626/21.339281,105.292801/data=!4m2!4m1!3e0"", ""crawl_timestamp"": ""2026-05-11T14:23:20"", ""current_url_after_load"": ""https://www.google.com/maps/dir/21.501223,105.1404626/21.339281,105.292801/data=!4m2!4m1!3e0"", ""page_title"": ""03 ĐT311, Thanh Ba, Phú Thọ, Vietnam to CÔNG TY TNHH XD VÀ PCCC DẦU KHÍ THĂNG LONG, Âu Cơ, Lâm Thao, Phú Thọ 35257, Vietnam - Google Maps"", ""route_panel_raw_text"": ""\nLeave now\n\nOptions\n\nSend directions to your phone\n\nCopy link\n\n42 min\n29.9 km\nvia ĐT320\nFastest route, the usual traffic\nDetails\nPreview\n\n42 min\n34.8 km\nvia ĐCT Bắc – Nam Phía Tây/Đ. Hồ Chí Minh/CT02 and ĐT320\n\n45 min\n30.5 km\nvia ĐT. 325B\nExplore nearby CÔNG TY TNHH XD VÀ PCCC DẦU KHÍ THĂNG LONG\n\nRestaurants\n\nHotels\n\nGas stations\n\nParking Lots\n\nMore\n\nNew! Continue your trip, tap the notification on your phone to get directions\n"", ""selected_route_index"": 0, ""selected_route_selector"": ""div.XdKEzd"", ""selected_route_raw_text"": ""42 min\n29.9 km"", ""parsed_distance_text"": ""29.9 km"", ""parsed_duration_text"": ""42 min"", ""parsed_distance_km"": 29.9, ""all_distance_texts"": [""29.9 km""], ""screenshot_path"": null, ""status_check"": ""OK""}]"
3952,3954,24433000,PGD Phú Hộ,105.2514723,21.4438698,24832000,PGD Phong Châu,105.292801,21.339281,11.45235149507831,Phú Thọ,40,52,"25 min
17.2 km",17.2,25 min,part/output_part_40/ket_qua_tu_0_den_99.xlsx,original_output,ok,105.2514723,21.4438698,105.285056,21.345738,updated point 2 PGD Phong Chau 24832000,PHONG_CHAU_24832000,1,OK,18.3 km,18.3,26 min,"26 min
18.3 km",,"[{""attempt"": 1, ""origin_input"": ""21.4438698,105.2514723"", ""destination_input"": ""21.339281,105.292801"", ""google_maps_url"": ""https://www.google.com/maps/dir/21.4438698,105.2514723/21.339281,105.292801/data=!4m2!4m1!3e0"", ""crawl_timestamp"": ""2026-05-11T14:23:23"", ""current_url_after_load"": ""https://www.google.com/maps/dir/21.4438698,105.2514723/21.339281,105.292801/data=!4m2!4m1!3e0"", ""page_title"": ""PGD Phú Hộ Vietinbank, C7V2+GHW, Phú Hộ, Phong Châu, Phú Thọ, Vietnam to CÔNG TY TNHH XD VÀ PCCC DẦU KHÍ THĂNG LONG, Âu Cơ, Lâm Thao, Phú Thọ 35257, Vietnam - Google Maps"", ""route_panel_raw_text"": ""\nLeave now\n\nOptions\n\nSend directions to your phone\n\nCopy link\n\n26 min\n18.3 km\nvia ĐT320\nFastest route, the usual traffic\nDetails\nPreview\n\n27 min\n19.4 km\nvia Đ. Hồ Chí Minh and ĐT320\n\n28 min\n17.9 km\nvia QL2 and QL32C\nExplore nearby CÔNG TY TNHH XD VÀ PCCC DẦU KHÍ THĂNG LONG\n\nRestaurants\n\nHotels\n\nGas stations\n\nParking Lots\n\nMore\n\nNew! Continue your trip, tap the notification on your phone to get directions\n"", ""selected_route_index"": 0, ""selected_route_selector"": ""div.XdKEzd"", ""selected_route_raw_text"": ""26 min\n18.3 km"", ""parsed_distance_text"": ""18.3 km"", ""parsed_duration_text"": ""26 min"", ""parsed_distance_km"": 18.3, ""all_distance_texts"": [""18.3 km""], ""screenshot_path"": null, ""status_check"": ""OK""}]"
3987,3989,24434000,PGD Đoan Hùng,105.1861225,21.6231886,24832000,PGD Phong Châu,105.292801,21.339281,32.50506743135635,Phú Thọ,40,87,"45 min
40.9 km",40.9,45 min,part/output_part_40/ket_qua_tu_0_den_99.xlsx,original_output,ok,105.1861225,21.6231886,105.285056,21.345738,updated point 2 PGD Phong Chau 24832000,PHONG_CHAU_24832000,1,OK,43.1 km,43.1,46 min,"46 min
43.1 km",,"[{""attempt"": 1, ""origin_input"": ""21.6231886,105.1861225"", ""destination_input"": ""21.339281,105.292801"", ""google_maps_url"": ""https://www.google.com/maps/dir/21.6231886,105.1861225/21.339281,105.292801/data=!4m2!4m1!3e0"", ""crawl_timestamp"": ""2026-05-11T14:23:26"", ""current_url_after_load"": ""https://www.google.com/maps/dir/21.6231886,105.1861225/21.339281,105.292801/data=!4m2!4m1!3e0"", ""page_title"": ""639 Đồng Tâm, Đoan Hùng, Phú Thọ, Vietnam to CÔNG TY TNHH XD VÀ PCCC DẦU KHÍ THĂNG LONG, Âu Cơ, Lâm Thao, Phú Thọ 35257, Vietnam - Google Maps"", ""route_panel_raw_text"": ""\nLeave now\n\nOptions\n\nSend directions to your phone\n\nCopy link\n\n46 min\n43.1 km\nvia ĐCT Bắc – Nam Phía Tây/Đ. Hồ Chí Minh/CT02\nFastest route, the usual traffic\nDetails\nPreview\n\n49 min\n43.8 km\nvia ĐCT Bắc – Nam Phía Tây/Đ. Hồ Chí Minh/CT02 and ĐT. 325B\n\n1 hr 1 min\n42.2 km\nvia QL2\nExplore nearby CÔNG TY TNHH XD VÀ PCCC DẦU KHÍ THĂNG LONG\n\nRestaurants\n\nHotels\n\nGas stations\n\nParking Lots\n\nMore\n\nNew! Continue your trip, tap the notification on your phone to get directions\n"", ""selected_route_index"": 0, ""selected_route_selector"": ""div.XdKEzd"", ""selected_route_raw_text"": ""46 min\n43.1 km"", ""parsed_distance_text"": ""43.1 km"", ""parsed_duration_text"": ""46 min"", ""parsed_distance_km"": 43.1, ""all_distance_texts"": [""43.1 km""], ""screenshot_path"": null, ""status_check"": ""OK""}]"
4021,4023,24435000,PGD Hạ Hòa,105.0054858,21.557987,24832000,PGD Phong Châu,105.292801,21.339281,37.33822804332974,Phú Thọ,41,21,"55 min
53.3 km",53.3,55 min,part/output_part_41/ket_qua_tu_0_den_99.xlsx,original_output,ok,105.0054858,21.557987,105.285056,21.345738,updated point 2 PGD Phong Chau 24832000,PHONG_CHAU_24832000,1,OK,55.6 km,55.6,56 min,"56 min
55.6 km",,"[{""attempt"": 1, ""origin_input"": ""21.557987,105.0054858"", ""destination_input"": ""21.339281,105.292801"", ""google_maps_url"": ""https://www.google.com/maps/dir/21.557987,105.0054858/21.339281,105.292801/data=!4m2!4m1!3e0"", ""crawl_timestamp"": ""2026-05-11T14:23:29"", ""current_url_after_load"": ""https://www.google.com/maps/dir/21.557987,105.0054858/21.339281,105.292801/data=!4m2!4m1!3e0"", ""page_title"": ""331 ĐT320, Hạ Hòa, Phú Thọ, Vietnam to CÔNG TY TNHH XD VÀ PCCC DẦU KHÍ THĂNG LONG, Âu Cơ, Lâm Thao, Phú Thọ 35257, Vietnam - Google Maps"", ""route_panel_raw_text"": ""\nLeave now\n\nOptions\n\nSend directions to your phone\n\nCopy link\n\n56 min\n55.6 km\nvia Đ. Cao Tốc Nội Bài - Lào Cai/ĐCT Hà Nội - Lào Cai/CT05\nFastest route now due to traffic conditions\nDetails\nPreview\n\n1 hr 2 min\n46.8 km\nvia ĐT320\nAvoids road closure on CT02\n\n1 hr 12 min\n54.8 km\nvia QL32C\nAvoids road closure on CT02\nExplore nearby CÔNG TY TNHH XD VÀ PCCC DẦU KHÍ THĂNG LONG\n\nRestaurants\n\nHotels\n\nGas stations\n\nParking Lots\n\nMore\n\nNew! Continue your trip, tap the notification on your phone to get directions\n"", ""selected_route_index"": 0, ""selected_route_selector"": ""div.XdKEzd"", ""selected_route_raw_text"": ""56 min\n55.6 km"", ""parsed_distance_text"": ""55.6 km"", ""parsed_duration_text"": ""56 min"", ""parsed_distance_km"": 55.6, ""all_distance_texts"": [""55.6 km""], ""screenshot_path"": null, ""status_check"": ""OK""}]"
4054,4056,24436000,PGD Cẩm Khê,105.1274649,21.4212619,24832000,PGD Phong Châu,105.292801,21.339281,18.35131963428404,Phú Thọ,41,54,"36 min
30.2 km",30.2,36 min,part/output_part_41/ket_qua_tu_0_den_99.xlsx,original_output,ok,105.1274649,21.4212619,105.285056,21.345738,updated point 2 PGD Phong Chau 24832000,PHONG_CHAU_24832000,1,OK,32.6 km,32.6,38 min,"38 min
32.6 km",,"[{""attempt"": 1, ""origin_input"": ""21.4212619,105.1274649"", ""destination_input"": ""21.339281,105.292801"", ""google_maps_url"": ""https://www.google.com/maps/dir/21.4212619,105.1274649/21.339281,105.292801/data=!4m2!4m1!3e0"", ""crawl_timestamp"": ""2026-05-11T14:23:32"", ""current_url_after_load"": ""https://www.google.com/maps/dir/21.4212619,105.1274649/21.339281,105.292801/data=!4m2!4m1!3e0"", ""page_title"": ""Trung Tâm trị liệu xương khớp Suối Gấm, Đường Đông Phú, Cẩm Khê, Phú Thọ 290000, Vietnam to CÔNG TY TNHH XD VÀ PCCC DẦU KHÍ THĂNG LONG, Âu Cơ, Lâm Thao, Phú Thọ 35257, Vietnam - Google Maps"", ""route_panel_raw_text"": ""\nLeave now\n\nOptions\n\nSend directions to your phone\n\nCopy link\n\n38 min\n32.6 km\nvia Đ. Cao Tốc Nội Bài - Lào Cai/ĐCT Hà Nội - Lào Cai/CT05 and ĐT320\nFastest route now due to traffic conditions\n This route has tolls.\nDetails\nPreview\n\n44 min\n31.5 km\nvia QL32C\nAvoids road closure on CT02\n\n44 min\n40.2 km\nvia Đ. Cao Tốc Nội Bài - Lào Cai/ĐCT Hà Nội - Lào Cai/CT05\nAvoids road closure on CT02\nExplore nearby CÔNG TY TNHH XD VÀ PCCC DẦU KHÍ THĂNG LONG\n\nRestaurants\n\nHotels\n\nGas stations\n\nParking Lots\n\nMore\n\nNew! Continue your trip, tap the notification on your phone to get directions\n"", ""selected_route_index"": 0, ""selected_route_selector"": ""div.XdKEzd"", ""selected_route_raw_text"": ""38 min\n32.6 km"", ""parsed_distance_text"": ""32.6 km"", ""parsed_duration_text"": ""38 min"", ""parsed_distance_km"": 32.6, ""all_distance_texts"": [""32.6 km""], ""screenshot_path"": null, ""status_check"": ""OK""}]"
4086,4088,24600000,CN Vĩnh Phúc,105.5938839,21.3074726,24832000,PGD Phong Châu,105.292801,21.339281,32.27034926766184,Phú Thọ,41,86,"52 min
43.9 km",43.9,52 min,part/output_part_41/ket_qua_tu_0_den_99.xlsx,original_output,ok,105.5938839,21.3074726,105.285056,21.345738,updated point 2 PGD Phong Chau 24832000,PHONG_CHAU_24832000,1,OK,43.7 km,43.7,50 min,"50 min
43.7 km",,"[{""attempt"": 1, ""origin_input"": ""21.3074726,105.5938839"", ""destination_input"": ""21.339281,105.292801"", ""google_maps_url"": ""https://www.google.com/maps/dir/21.3074726,105.5938839/21.339281,105.292801/data=!4m2!4m1!3e0"", ""crawl_timestamp"": ""2026-05-11T14:23:35"", ""current_url_after_load"": ""https://www.google.com/maps/dir/21.3074726,105.5938839/21.339281,105.292801/data=!4m2!4m1!3e0"", ""page_title"": ""Phòng Giao dịch NH Công thương, Ngô Quyền, Vĩnh Phúc, Phú Thọ, Vietnam to CÔNG TY TNHH XD VÀ PCCC DẦU KHÍ THĂNG LONG, Âu Cơ, Lâm Thao, Phú Thọ 35257, Vietnam - Google Maps"", ""route_panel_raw_text"": ""\nLeave now\n\nOptions\n\nSend directions to your phone\n\nCopy link\n\n50 min\n43.7 km\nvia Đ. Cao Tốc Nội Bài - Lào Cai/CT05\nFastest route, the usual traffic\n This route has tolls.\nDetails\nPreview\n\n59 min\n38.6 km\nvia QL2\n\n56 min\n49.2 km\nvia Đ. Cao Tốc Nội Bài - Lào Cai/CT05 and QL32C\nExplore nearby CÔNG TY TNHH XD VÀ PCCC DẦU KHÍ THĂNG LONG\n\nRestaurants\n\nHotels\n\nGas stations\n\nParking Lots\n\nMore\n\nNew! Continue your trip, tap the notification on your phone to get directions\n"", ""selected_route_index"": 0, ""selected_route_selector"": ""div.XdKEzd"", ""selected_route_raw_text"": ""50 min\n43.7 km"", ""parsed_distance_text"": ""43.7 km"", ""parsed_duration_text"": ""50 min"", ""parsed_distance_km"": 43.7, ""all_distance_texts"": [""43.7 km""], ""screenshot_path"": null, ""status_check"": ""OK""}]"
4117,4119,24630000,PGD Thăng Long Vĩnh Phúc,105.6672576,21.3134648,24832000,PGD Phong Châu,105.292801,21.339281,39.75021624413117,Phú Thọ,42,17,"57 min
54.8 km",54.8,57 min,part/output_part_42/ket_qua_tu_0_den_99.xlsx,original_output,ok,105.6672576,21.3134648,105.285056,21.345738,updated point 2 PGD Phong Chau 24832000,PHONG_CHAU_24832000,1,OK,54.6 km,54.6,55 min,"55 min
54.6 km",,"[{""attempt"": 1, ""origin_input"": ""21.3134648,105.6672576"", ""destination_input"": ""21.339281,105.292801"", ""google_maps_url"": ""https://www.google.com/maps/dir/21.3134648,105.6672576/21.339281,105.292801/data=!4m2!4m1!3e0"", ""crawl_timestamp"": ""2026-05-11T14:23:38"", ""current_url_after_load"": ""https://www.google.com/maps/dir/21.3134648,105.6672576/21.339281,105.292801/data=!4m2!4m1!3e0"", ""page_title"": ""VietinBank Thăng Long Vĩnh Phúc, Toà nhà Điều hành, Khu công nghiệp, Bình Xuyên, Phú Thọ 15810, Vietnam to CÔNG TY TNHH XD VÀ PCCC DẦU KHÍ THĂNG LONG, Âu Cơ, Lâm Thao, Phú Thọ 35257, Vietnam - Google Maps"", ""route_panel_raw_text"": ""\nLeave now\n\nOptions\n\nSend directions to your phone\n\nCopy link\n\n55 min\n54.6 km\nvia Đ. Cao Tốc Nội Bài - Lào Cai/CT05\nFastest route, the usual traffic\n This route has tolls.\nDetails\nPreview\n\n1 hr 13 min\n50.5 km\nvia QL2A\n\n56 min\n49.4 km\nvia Đ. Cao Tốc Nội Bài - Lào Cai/CT05 and Chu Hóa\nExplore nearby CÔNG TY TNHH XD VÀ PCCC DẦU KHÍ THĂNG LONG\n\nRestaurants\n\nHotels\n\nGas stations\n\nParking Lots\n\nMore\n\nNew! Continue your trip, tap the notification on your phone to get directions\n"", ""selected_route_index"": 0, ""selected_route_selector"": ""div.XdKEzd"", ""selected_route_raw_text"": ""55 min\n54.6 km"", ""parsed_distance_text"": ""54.6 km"", ""parsed_duration_text"": ""55 min"", ""parsed_distance_km"": 54.6, ""all_distance_texts"": [""54.6 km""], ""screenshot_path"": null, ""status_check"": ""OK""}]"
4147,4149,24631000,PGD Bắc Vĩnh Yên,105.5774639,21.3067637,24832000,PGD Phong Châu,105.292801,21.339281,30.59636396058307,Phú Thọ,42,47,"56 min
46.6 km",46.6,56 min,part/output_part_42/ket_qua_tu_0_den_99.xlsx,original_output,ok,105.5774639,21.3067637,105.285056,21.345738,updated point 2 PGD Phong Chau 24832000,PHONG_CHAU_24832000,1,OK,46.5 km,46.5,54 min,"54 min
46.5 km",,"[{""attempt"": 1, ""origin_input"": ""21.3067637,105.5774639"", ""destination_input"": ""21.339281,105.292801"", ""google_maps_url"": ""https://www.google.com/maps/dir/21.3067637,105.5774639/21.339281,105.292801/data=!4m2!4m1!3e0"", ""crawl_timestamp"": ""2026-05-11T14:23:41"", ""current_url_after_load"": ""https://www.google.com/maps/dir/21.3067637,105.5774639/21.339281,105.292801/data=!4m2!4m1!3e0"", ""page_title"": ""Vietinbank, 396 Hùng Vương, Vĩnh Yên, Phú Thọ, Vietnam to CÔNG TY TNHH XD VÀ PCCC DẦU KHÍ THĂNG LONG, Âu Cơ, Lâm Thao, Phú Thọ 35257, Vietnam - Google Maps"", ""route_panel_raw_text"": ""\nLeave now\n\nOptions\n\nSend directions to your phone\n\nCopy link\n\n54 min\n46.5 km\nvia Đ. Cao Tốc Nội Bài - Lào Cai/CT05\nFastest route, the usual traffic\n This route has tolls.\nDetails\nPreview\n\n55 min\n36.7 km\nvia QL2\n\n1 hr\n52.0 km\nvia Đ. Cao Tốc Nội Bài - Lào Cai/CT05 and QL32C\nExplore nearby CÔNG TY TNHH XD VÀ PCCC DẦU KHÍ THĂNG LONG\n\nRestaurants\n\nHotels\n\nGas stations\n\nParking Lots\n\nMore\n\nNew! Continue your trip, tap the notification on your phone to get directions\n"", ""selected_route_index"": 0, ""selected_route_selector"": ""div.XdKEzd"", ""selected_route_raw_text"": ""54 min\n46.5 km"", ""parsed_distance_text"": ""46.5 km"", ""parsed_duration_text"": ""54 min"", ""parsed_distance_km"": 46.5, ""all_distance_texts"": [""46.5 km""], ""screenshot_path"": null, ""status_check"": ""OK""}]"
4176,4178,24632000,PGD Vĩnh Tường,105.4892082,21.2642599,24832000,PGD Phong Châu,105.292801,21.339281,23.00820411476116,Phú Thọ,42,76,"47 min
28.8 km",28.8,47 min,part/output_part_42/ket_qua_tu_0_den_99.xlsx,original_output,ok,105.4892082,21.2642599,105.285056,21.345738,updated point 2 PGD Phong Chau 24832000,PHONG_CHAU_24832000,1,OK,27.8 km,27.8,41 min,"41 min
27.8 km",,"[{""attempt"": 1, ""origin_input"": ""21.2642599,105.4892082"", ""destination_input"": ""21.339281,105.292801"", ""google_maps_url"": ""https://www.google.com/maps/dir/21.2642599,105.4892082/21.339281,105.292801/data=!4m2!4m1!3e0"", ""crawl_timestamp"": ""2026-05-11T14:23:44"", ""current_url_after_load"": ""https://www.google.com/maps/dir/21.2642599,105.4892082/21.339281,105.292801/data=!4m2!4m1!3e0"", ""page_title"": ""Ngân Hàng TMCP Công Thương Việt Nam (VietinBank), 7F7Q+MMW, Phố Tân Thịnh, Thổ Tang, Phú Thọ, Vietnam to CÔNG TY TNHH XD VÀ PCCC DẦU KHÍ THĂNG LONG, Âu Cơ, Lâm Thao, Phú Thọ 35257, Vietnam - Google Maps"", ""route_panel_raw_text"": ""\nLeave now\n\nOptions\n\nSend directions to your phone\n\nCopy link\n\n41 min\n27.8 km\nvia Tôn Đức Thắng\nFastest route, the usual traffic\nDetails\nPreview\n\n47 min\n32.2 km\nvia QL2\n\n48 min\n36.6 km\nvia Đ. Cao Tốc Nội Bài - Lào Cai/ĐCT Hà Nội - Lào Cai/CT05\nExplore nearby CÔNG TY TNHH XD VÀ PCCC DẦU KHÍ THĂNG LONG\n\nRestaurants\n\nHotels\n\nGas stations\n\nParking Lots\n\nMore\n\nNew! Continue your trip, tap the notification on your phone to get directions\n"", ""selected_route_index"": 0, ""selected_route_selector"": ""div.XdKEzd"", ""selected_route_raw_text"": ""41 min\n27.8 km"", ""parsed_distance_text"": ""27.8 km"", ""parsed_duration_text"": ""41 min"", ""parsed_distance_km"": 27.8, ""all_distance_texts"": [""27.8 km""], ""screenshot_path"": null, ""status_check"": ""OK""}]"
4204,4206,24633000,PGD Nam Vĩnh Yên,105.6224034,21.3040709,24832000,PGD Phong Châu,105.292801,21.339281,35.24890464247445,Phú Thọ,43,4,"55 min
46.0 km",46.0,55 min,part/output_part_43/ket_qua_tu_0_den_99.xlsx,original_output,ok,105.6224034,21.3040709,105.285056,21.345738,updated point 2 PGD Phong Chau 24832000,PHONG_CHAU_24832000,1,OK,45.8 km,45.8,53 min,"53 min
45.8 km",,"[{""attempt"": 1, ""origin_input"": ""21.3040709,105.6224034"", ""destination_input"": ""21.339281,105.292801"", ""google_maps_url"": ""https://www.google.com/maps/dir/21.3040709,105.6224034/21.339281,105.292801/data=!4m2!4m1!3e0"", ""crawl_timestamp"": ""2026-05-11T14:23:47"", ""current_url_after_load"": ""https://www.google.com/maps/dir/21.3040709,105.6224034/21.339281,105.292801/data=!4m2!4m1!3e0"", ""page_title"": ""Ngân Hàng Tmcp Công Thương Việt Nam (Vietinbank) - Pgd Cầu Oai, 625 Đ. Mê Linh, Vinh Thịnh, Vĩnh Phúc, Phú Thọ, Vietnam to CÔNG TY TNHH XD VÀ PCCC DẦU KHÍ THĂNG LONG, Âu Cơ, Lâm Thao, Phú Thọ 35257, Vietnam - Google Maps"", ""route_panel_raw_text"": ""\nLeave now\n\nOptions\n\nSend directions to your phone\n\nCopy link\n\n53 min\n45.8 km\nvia Đ. Cao Tốc Nội Bài - Lào Cai/CT05\nFastest route, the usual traffic\n This route has tolls.\nDetails\nPreview\n\n1 hr 4 min\n44.3 km\nvia QL2\n\n59 min\n51.4 km\nvia Đ. Cao Tốc Nội Bài - Lào Cai/CT05 and QL32C\nExplore nearby CÔNG TY TNHH XD VÀ PCCC DẦU KHÍ THĂNG LONG\n\nRestaurants\n\nHotels\n\nGas stations\n\nParking Lots\n\nMore\n\nNew! Continue your trip, tap the notification on your phone to get directions\n"", ""selected_route_index"": 0, ""selected_route_selector"": ""div.XdKEzd"", ""selected_route_raw_text"": ""53 min\n45.8 km"", ""parsed_distance_text"": ""45.8 km"", ""parsed_duration_text"": ""53 min"", ""parsed_distance_km"": 45.8, ""all_distance_texts"": [""45.8 km""], ""screenshot_path"": null, ""status_check"": ""OK""}]"
4231,4233,24634000,PGD Tam Đảo,105.6106862,21.3886685,24832000,PGD Phong Châu,105.292801,21.339281,34.05588714488503,Phú Thọ,43,31,"49 min
41.7 km",41.7,49 min,part/output_part_43/ket_qua_tu_0_den_99.xlsx,original_output,ok,105.6106862,21.3886685,105.285056,21.345738,updated point 2 PGD Phong Chau 24832000,PHONG_CHAU_24832000,1,OK,41.6 km,41.6,46 min,"46 min
41.6 km",,"[{""attempt"": 1, ""origin_input"": ""21.3886685,105.6106862"", ""destination_input"": ""21.339281,105.292801"", ""google_maps_url"": ""https://www.google.com/maps/dir/21.3886685,105.6106862/21.339281,105.292801/data=!4m2!4m1!3e0"", ""crawl_timestamp"": ""2026-05-11T14:23:50"", ""current_url_after_load"": ""https://www.google.com/maps/dir/21.3886685,105.6106862/21.339281,105.292801/data=!4m2!4m1!3e0"", ""page_title"": ""Salon Quảng Luyến, km 10, Tam Đảo, Phú Thọ, Vietnam to CÔNG TY TNHH XD VÀ PCCC DẦU KHÍ THĂNG LONG, Âu Cơ, Lâm Thao, Phú Thọ 35257, Vietnam - Google Maps"", ""route_panel_raw_text"": ""\nLeave now\n\nOptions\n\nSend directions to your phone\n\nCopy link\n\n46 min\n41.6 km\nvia Đ. Cao Tốc Nội Bài - Lào Cai/CT05\nFastest route, the usual traffic\n This route has tolls.\nDetails\nPreview\n\n49 min\n42.6 km\nvia Đ. Cao Tốc Nội Bài - Lào Cai/CT05 and Đ. Nguyễn Tất Thành\n\n52 min\n47.1 km\nvia Đ. Cao Tốc Nội Bài - Lào Cai/CT05 and QL32C\nExplore nearby CÔNG TY TNHH XD VÀ PCCC DẦU KHÍ THĂNG LONG\n\nRestaurants\n\nHotels\n\nGas stations\n\nParking Lots\n\nMore\n\nNew! Continue your trip, tap the notification on your phone to get directions\n"", ""selected_route_index"": 0, ""selected_route_selector"": ""div.XdKEzd"", ""selected_route_raw_text"": ""46 min\n41.6 km"", ""parsed_distance_text"": ""41.6 km"", ""parsed_duration_text"": ""46 min"", ""parsed_distance_km"": 41.6, ""all_distance_texts"": [""41.6 km""], ""screenshot_path"": null, ""status_check"": ""OK""}]"
4257,4259,24635000,PGD Tam Dương,105.5409693,21.380109,24832000,PGD Phong Châu,105.292801,21.339281,26.77528387536902,Phú Thọ,43,57,"49 min
37.2 km",37.2,49 min,part/output_part_43/ket_qua_tu_0_den_99.xlsx,original_output,ok,105.5409693,21.380109,105.285056,21.345738,updated point 2 PGD Phong Chau 24832000,PHONG_CHAU_24832000,1,OK,37.0 km,37.0,48 min,"48 min
37.0 km",,"[{""attempt"": 1, ""origin_input"": ""21.380109,105.5409693"", ""destination_input"": ""21.339281,105.292801"", ""google_maps_url"": ""https://www.google.com/maps/dir/21.380109,105.5409693/21.339281,105.292801/data=!4m2!4m1!3e0"", ""crawl_timestamp"": ""2026-05-11T14:23:53"", ""current_url_after_load"": ""https://www.google.com/maps/dir/21.380109,105.5409693/21.339281,105.292801/data=!4m2!4m1!3e0"", ""page_title"": ""Vietinbank - Atm, 9GJR+29M, QL2C, Long Trì, Tam Dương, Phú Thọ, Vietnam to CÔNG TY TNHH XD VÀ PCCC DẦU KHÍ THĂNG LONG, Âu Cơ, Lâm Thao, Phú Thọ 35257, Vietnam - Google Maps"", ""route_panel_raw_text"": ""\nLeave now\n\nOptions\n\nSend directions to your phone\n\nCopy link\n\n48 min\n37.0 km\nvia Đ. Cao Tốc Nội Bài - Lào Cai/ĐCT Hà Nội - Lào Cai/CT05\nFastest route, the usual traffic\n This route has tolls.\nDetails\nPreview\n\n57 min\n35.8 km\nvia ĐT306\n\n52 min\n46.8 km\nvia Đ. Cao Tốc Nội Bài - Lào Cai/CT05\nExplore nearby CÔNG TY TNHH XD VÀ PCCC DẦU KHÍ THĂNG LONG\n\nRestaurants\n\nHotels\n\nGas stations\n\nParking Lots\n\nMore\n\nNew! Continue your trip, tap the notification on your phone to get directions\n"", ""selected_route_index"": 0, ""selected_route_selector"": ""div.XdKEzd"", ""selected_route_raw_text"": ""48 min\n37.0 km"", ""parsed_distance_text"": ""37.0 km"", ""parsed_duration_text"": ""48 min"", ""parsed_distance_km"": 37.0, ""all_distance_texts"": [""37.0 km""], ""screenshot_path"": null, ""status_check"": ""OK""}]"
4282,4284,24636000,PGD Bắc Yên Lạc,105.5431793,21.2581699,24832000,PGD Phong Châu,105.292801,21.339281,28.45869215505325,Phú Thọ,43,82,"55 min
36.5 km",36.5,55 min,part/output_part_43/ket_qua_tu_0_den_99.xlsx,original_output,ok,105.5431793,21.2581699,105.285056,21.345738,updated point 2 PGD Phong Chau 24832000,PHONG_CHAU_24832000,1,OK,35.7 km,35.7,52 min,"52 min
35.7 km",,"[{""attempt"": 1, ""origin_input"": ""21.2581699,105.5431793"", ""destination_input"": ""21.339281,105.292801"", ""google_maps_url"": ""https://www.google.com/maps/dir/21.2581699,105.5431793/21.339281,105.292801/data=!4m2!4m1!3e0"", ""crawl_timestamp"": ""2026-05-11T14:23:56"", ""current_url_after_load"": ""https://www.google.com/maps/dir/21.2581699,105.5431793/21.339281,105.292801/data=!4m2!4m1!3e0"", ""page_title"": ""Trại Vịt Lê Phương, ĐT303/54 Xã Lỗ Tề, Thôn Giã Bàng, Tề Lỗ, Phú Thọ, Vietnam to CÔNG TY TNHH XD VÀ PCCC DẦU KHÍ THĂNG LONG, Âu Cơ, Lâm Thao, Phú Thọ 35257, Vietnam - Google Maps"", ""route_panel_raw_text"": ""\nLeave now\n\nOptions\n\nSend directions to your phone\n\nCopy link\n\n52 min\n35.7 km\nvia Tôn Đức Thắng\nFastest route, the usual traffic\nDetails\nPreview\n\n58 min\n40.1 km\nvia QL2\n\n56 min\n39.9 km\nvia Đê Tả Sông Hồng and Tôn Đức Thắng\nExplore nearby CÔNG TY TNHH XD VÀ PCCC DẦU KHÍ THĂNG LONG\n\nRestaurants\n\nHotels\n\nGas stations\n\nParking Lots\n\nMore\n\nNew! Continue your trip, tap the notification on your phone to get directions\n"", ""selected_route_index"": 0, ""selected_route_selector"": ""div.XdKEzd"", ""selected_route_raw_text"": ""52 min\n35.7 km"", ""parsed_distance_text"": ""35.7 km"", ""parsed_duration_text"": ""52 min"", ""parsed_distance_km"": 35.7, ""all_distance_texts"": [""35.7 km""], ""screenshot_path"": null, ""status_check"": ""OK""}]"
4306,4308,24800000,CN Bắc Phú Thọ,105.3452867,21.3674783,24832000,PGD Phong Châu,105.292801,21.339281,6.689531421705668,Phú Thọ,44,6,"16 min
9.0 km",9.0,16 min,part/output_part_44/ket_qua_tu_0_den_99.xlsx,original_output,ok,105.3452867,21.3674783,105.285056,21.345738,updated point 2 PGD Phong Chau 24832000,PHONG_CHAU_24832000,1,OK,8.0 km,8.0,13 min,"13 min
8.0 km",,"[{""attempt"": 1, ""origin_input"": ""21.3674783,105.3452867"", ""destination_input"": ""21.339281,105.292801"", ""google_maps_url"": ""https://www.google.com/maps/dir/21.3674783,105.3452867/21.339281,105.292801/data=!4m2!4m1!3e0"", ""crawl_timestamp"": ""2026-05-11T14:24:00"", ""current_url_after_load"": ""https://www.google.com/maps/dir/21.3674783,105.3452867/21.339281,105.292801/data=!4m2!4m1!3e0"", ""page_title"": ""Ngân hàng Thương Mại Cổ Phần Công thương Việt Nam CN Bắc Phú Thọ (Vietinbank), Số 3769 Đ. Hùng Vương, Quân khu 2, Vân Phú, Phú Thọ, Vietnam to CÔNG TY TNHH XD VÀ PCCC DẦU KHÍ THĂNG LONG, Âu Cơ, Lâm Thao, Phú Thọ 35257, Vietnam - Google Maps"", ""route_panel_raw_text"": ""\nLeave now\n\nOptions\n\nSend directions to your phone\n\nCopy link\n\n13 min\n8.0 km\nvia Lạc Hồng and Chu Hóa\nFastest route, despite the usual traffic\nDetails\nPreview\n\n15 min\n8.7 km\nvia QL2, Lạc Hồng and Chu Hóa\n\n17 min\n10.0 km\nvia Lạc Hồng and Âu Cơ/QL32C\nExplore nearby CÔNG TY TNHH XD VÀ PCCC DẦU KHÍ THĂNG LONG\n\nRestaurants\n\nHotels\n\nGas stations\n\nParking Lots\n\nMore\n\nNew! Continue your trip, tap the notification on your phone to get directions\n"", ""selected_route_index"": 0, ""selected_route_selector"": ""div.XdKEzd"", ""selected_route_raw_text"": ""13 min\n8.0 km"", ""parsed_distance_text"": ""8.0 km"", ""parsed_duration_text"": ""13 min"", ""parsed_distance_km"": 8.0, ""all_distance_texts"": [""8.0 km""], ""screenshot_path"": null, ""status_check"": ""OK""}]"
4329,4331,24830000,PGD Vân Cơ,105.3650722,21.3400682,24832000,PGD Phong Châu,105.292801,21.339281,8.311160684808927,Phú Thọ,44,29,"21 min
12.1 km",12.1,21 min,part/output_part_44/ket_qua_tu_0_den_99.xlsx,original_output,ok,105.3650722,21.3400682,105.285056,21.345738,updated point 2 PGD Phong Chau 24832000,PHONG_CHAU_24832000,1,OK,11.1 km,11.1,18 min,"18 min
11.1 km",,"[{""attempt"": 1, ""origin_input"": ""21.3400682,105.3650722"", ""destination_input"": ""21.339281,105.292801"", ""google_maps_url"": ""https://www.google.com/maps/dir/21.3400682,105.3650722/21.339281,105.292801/data=!4m2!4m1!3e0"", ""crawl_timestamp"": ""2026-05-11T14:24:03"", ""current_url_after_load"": ""https://www.google.com/maps/dir/21.3400682,105.3650722/21.339281,105.292801/data=!4m2!4m1!3e0"", ""page_title"": ""Vietinbank - Atm, 2989 Hùng Vương, Nông Trang, Phú Thọ, Vietnam to CÔNG TY TNHH XD VÀ PCCC DẦU KHÍ THĂNG LONG, Âu Cơ, Lâm Thao, Phú Thọ 35257, Vietnam - Google Maps"", ""route_panel_raw_text"": ""\nLeave now\n\nOptions\n\nSend directions to your phone\n\nCopy link\n\n18 min\n11.1 km\nvia Đ. Nguyễn Tất Thành\nFastest route, the usual traffic\nDetails\nPreview\n\n20 min\n13.4 km\nvia Tôn Đức Thắng\n\n20 min\n12.5 km\nvia Đ. Nguyễn Tất Thành and Chu Hóa\nExplore nearby CÔNG TY TNHH XD VÀ PCCC DẦU KHÍ THĂNG LONG\n\nRestaurants\n\nHotels\n\nGas stations\n\nParking Lots\n\nMore\n\nNew! Continue your trip, tap the notification on your phone to get directions\n"", ""selected_route_index"": 0, ""selected_route_selector"": ""div.XdKEzd"", ""selected_route_raw_text"": ""18 min\n11.1 km"", ""parsed_distance_text"": ""11.1 km"", ""parsed_duration_text"": ""18 min"", ""parsed_distance_km"": 11.1, ""all_distance_texts"": [""11.1 km""], ""screenshot_path"": null, ""status_check"": ""OK""}]"
4351,4353,24831000,PGD Bãi Bằng,105.3131523,21.4074136,24832000,PGD Phong Châu,105.292801,21.339281,7.449575534451199,Phú Thọ,44,51,"16 min
9.0 km",9.0,16 min,part/output_part_44/ket_qua_tu_0_den_99.xlsx,original_output,ok,105.3131523,21.4074136,105.285056,21.345738,updated point 2 PGD Phong Chau 24832000,PHONG_CHAU_24832000,1,OK,9.4 km,9.4,15 min,"15 min
9.4 km",,"[{""attempt"": 1, ""origin_input"": ""21.4074136,105.3131523"", ""destination_input"": ""21.339281,105.292801"", ""google_maps_url"": ""https://www.google.com/maps/dir/21.4074136,105.3131523/21.339281,105.292801/data=!4m2!4m1!3e0"", ""crawl_timestamp"": ""2026-05-11T14:24:05"", ""current_url_after_load"": ""https://www.google.com/maps/dir/21.4074136,105.3131523/21.339281,105.292801/data=!4m2!4m1!3e0"", ""page_title"": ""ViettinBank, C847+X7R, Phù Ninh, Phú Thọ, Vietnam to CÔNG TY TNHH XD VÀ PCCC DẦU KHÍ THĂNG LONG, Âu Cơ, Lâm Thao, Phú Thọ 35257, Vietnam - Google Maps"", ""route_panel_raw_text"": ""\nLeave now\n\nOptions\n\nSend directions to your phone\n\nCopy link\n\n15 min\n9.4 km\nvia QL32C\nFastest route, the usual traffic\nDetails\nPreview\n\n17 min\n10.4 km\nvia ĐT. 325B and QL32C\n\n20 min\n11.6 km\nvia QL2 and QL32C\nExplore nearby CÔNG TY TNHH XD VÀ PCCC DẦU KHÍ THĂNG LONG\n\nRestaurants\n\nHotels\n\nGas stations\n\nParking Lots\n\nMore\n\nNew! Continue your trip, tap the notification on your phone to get directions\n"", ""selected_route_index"": 0, ""selected_route_selector"": ""div.XdKEzd"", ""selected_route_raw_text"": ""15 min\n9.4 km"", ""parsed_distance_text"": ""9.4 km"", ""parsed_duration_text"": ""15 min"", ""parsed_distance_km"": 9.4, ""all_distance_texts"": [""9.4 km""], ""screenshot_path"": null, ""status_check"": ""OK""}]"
4373,4375,24832000,PGD Phong Châu,105.292801,21.339281,24833000,PGD Văn Lang,105.3796015,21.327654,9.996746915965772,Phú Thọ,44,73,"22 min
12.8 km",12.8,22 min,part/output_part_44/ket_qua_tu_0_den_99.xlsx,original_output,ok,105.285056,21.345738,105.3796015,21.327654,updated point 1 PGD Phong Chau 24832000,PHONG_CHAU_24832000,1,OK,11.8 km,11.8,19 min,"19 min
11.8 km",,"[{""attempt"": 1, ""origin_input"": ""21.339281,105.292801"", ""destination_input"": ""21.327654,105.3796015"", ""google_maps_url"": ""https://www.google.com/maps/dir/21.339281,105.292801/21.327654,105.3796015/data=!4m2!4m1!3e0"", ""crawl_timestamp"": ""2026-05-11T14:24:08"", ""current_url_after_load"": ""https://www.google.com/maps/dir/21.339281,105.292801/21.327654,105.3796015/data=!4m2!4m1!3e0"", ""page_title"": ""CÔNG TY TNHH XD VÀ PCCC DẦU KHÍ THĂNG LONG, Âu Cơ, Lâm Thao, Phú Thọ 35257, Vietnam to 2375 Đ. Hùng Vương, Nông Trang, Phú Thọ, Vietnam - Google Maps"", ""route_panel_raw_text"": ""\nLeave now\n\nOptions\n\nSend directions to your phone\n\nCopy link\n\n19 min\n11.8 km\nvia Chu Hóa, Đ. Nguyễn Tất Thành and Hùng Vương/QL2\nBest route\nDetails\nPreview\n\n18 min\n13.0 km\nvia Tôn Đức Thắng\n\n20 min\n12.7 km\nvia Chu Hóa and Đ. Nguyễn Tất Thành\nExplore nearby 2375 Đ. Hùng Vương\n\nRestaurants\n\nHotels\n\nGas stations\n\nParking Lots\n\nMore\n\nNew! Continue your trip, tap the notification on your phone to get directions\n"", ""selected_route_index"": 0, ""selected_route_selector"": ""div.XdKEzd"", ""selected_route_raw_text"": ""19 min\n11.8 km"", ""parsed_distance_text"": ""11.8 km"", ""parsed_duration_text"": ""19 min"", ""parsed_distance_km"": 11.8, ""all_distance_texts"": [""11.8 km""], ""screenshot_path"": null, ""status_check"": ""OK""}]"
4374,4376,24832000,PGD Phong Châu,105.292801,21.339281,24834000,PGD Thanh Sơn,105.180244,21.213661,18.26544838472402,Phú Thọ,44,74,24.9 km,24.9,36 min,part/output_part_44/ket_qua_tu_0_den_99.xlsx,original_output,recrawled_ok,105.285056,21.345738,105.180244,21.213661,updated point 1 PGD Phong Chau 24832000,PHONG_CHAU_24832000,1,OK,23.9 km,23.9,35 min,"35 min
23.9 km",,"[{""attempt"": 1, ""origin_input"": ""21.339281,105.292801"", ""destination_input"": ""21.213661,105.180244"", ""google_maps_url"": ""https://www.google.com/maps/dir/21.339281,105.292801/21.213661,105.180244/data=!4m2!4m1!3e0"", ""crawl_timestamp"": ""2026-05-11T14:24:11"", ""current_url_after_load"": ""https://www.google.com/maps/dir/21.339281,105.292801/21.213661,105.180244/data=!4m2!4m1!3e0"", ""page_title"": ""CÔNG TY TNHH XD VÀ PCCC DẦU KHÍ THĂNG LONG, Âu Cơ, Lâm Thao, Phú Thọ 35257, Vietnam to 159 QL32, Thanh Sơn, Phú Thọ, Vietnam - Google Maps"", ""route_panel_raw_text"": ""\nLeave now\n\nOptions\n\nSend directions to your phone\n\nCopy link\n\n35 min\n23.9 km\nvia QL32\nFastest route now due to traffic conditions\nDetails\nPreview\n\n35 min\n24.1 km\nvia CT02 and QL32\n\n36 min\n24.8 km\nvia Âu Cơ/QL32C and QL32\nExplore nearby 159 QL32\n\nRestaurants\n\nHotels\n\nGas stations\n\nParking Lots\n\nMore\n\nNew! Continue your trip, tap the notification on your phone to get directions\n"", ""selected_route_index"": 0, ""selected_route_selector"": ""div.XdKEzd"", ""selected_route_raw_text"": ""35 min\n23.9 km"", ""parsed_distance_text"": ""23.9 km"", ""parsed_duration_text"": ""35 min"", ""parsed_distance_km"": 23.9, ""all_distance_texts"": [""23.9 km""], ""screenshot_path"": null, ""status_check"": ""OK""}]"
4375,4377,24832000,PGD Phong Châu,105.292801,21.339281,24836000,PGD Tam Nông,105.2550266,21.2821678,7.722894342329363,Phú Thọ,44,75,8.9 km,8.9,13 min,part/output_part_44/ket_qua_tu_0_den_99.xlsx,original_output,recrawled_ok,105.285056,21.345738,105.2550266,21.2821678,updated point 1 PGD Phong Chau 24832000,PHONG_CHAU_24832000,1,OK,7.9 km,7.9,11 min,"11 min
7.9 km",,"[{""attempt"": 1, ""origin_input"": ""21.339281,105.292801"", ""destination_input"": ""21.2821678,105.2550266"", ""google_maps_url"": ""https://www.google.com/maps/dir/21.339281,105.292801/21.2821678,105.2550266/data=!4m2!4m1!3e0"", ""crawl_timestamp"": ""2026-05-11T14:24:14"", ""current_url_after_load"": ""https://www.google.com/maps/dir/21.339281,105.292801/21.2821678,105.2550266/data=!4m2!4m1!3e0"", ""page_title"": ""CÔNG TY TNHH XD VÀ PCCC DẦU KHÍ THĂNG LONG, Âu Cơ, Lâm Thao, Phú Thọ 35257, Vietnam to Tiệm bánh Bảo Yến, Khu 23, Vạn Xuân, Phú Thọ, Vietnam - Google Maps"", ""route_panel_raw_text"": ""\nLeave now\n\nOptions\n\nSend directions to your phone\n\nCopy link\n\n11 min\n7.9 km\nvia Âu Cơ/QL32C and ĐT320\nFastest route now due to traffic conditions\nDetails\nPreview\n\n12 min\n8.1 km\nvia Âu Cơ/QL32C and CT02\n\n13 min\n8.8 km\nvia Âu Cơ/QL32C\nExplore nearby Tiệm bánh Bảo Yến\n\nRestaurants\n\nHotels\n\nGas stations\n\nParking Lots\n\nMore\n\nNew! Continue your trip, tap the notification on your phone to get directions\n"", ""selected_route_index"": 0, ""selected_route_selector"": ""div.XdKEzd"", ""selected_route_raw_text"": ""11 min\n7.9 km"", ""parsed_distance_text"": ""7.9 km"", ""parsed_duration_text"": ""11 min"", ""parsed_distance_km"": 7.9, ""all_distance_texts"": [""7.9 km""], ""screenshot_path"": null, ""status_check"": ""OK""}]"
4376,4378,24832000,PGD Phong Châu,105.292801,21.339281,25000000,CN Hòa Bình,105.3400263,20.8193776,58.80590329198984,Phú Thọ,44,76,"1 hr 35 min
71.1 km",71.1,1 hr 35 min,part/output_part_44/ket_qua_tu_0_den_99.xlsx,original_output,ok,105.285056,21.345738,105.3400263,20.8193776,updated point 1 PGD Phong Chau 24832000,PHONG_CHAU_24832000,1,OK,69.9 km,69.9,1 hr 35 min,"1 hr 35 min
69.9 km",,"[{""attempt"": 1, ""origin_input"": ""21.339281,105.292801"", ""destination_input"": ""20.8193776,105.3400263"", ""google_maps_url"": ""https://www.google.com/maps/dir/21.339281,105.292801/20.8193776,105.3400263/data=!4m2!4m1!3e0"", ""crawl_timestamp"": ""2026-05-11T14:24:17"", ""current_url_after_load"": ""https://www.google.com/maps/dir/21.339281,105.292801/20.8193776,105.3400263/data=!4m2!4m1!3e0"", ""page_title"": ""CÔNG TY TNHH XD VÀ PCCC DẦU KHÍ THĂNG LONG, Âu Cơ, Lâm Thao, Phú Thọ 35257, Vietnam to 555 Cù Chính Lan, Hòa Bình, Phú Thọ, Vietnam - Google Maps"", ""route_panel_raw_text"": ""\nLeave now\n\nOptions\n\nSend directions to your phone\n\nCopy link\n\n1 hr 35 min\n69.9 km\nvia ĐT317\nFastest route now due to traffic conditions\nDetails\nPreview\n\n1 hr 36 min\n70.1 km\nvia QL32 and ĐT317\nExplore nearby 555 Cù Chính Lan\n\nRestaurants\n\nHotels\n\nGas stations\n\nParking Lots\n\nMore\n\nNew! Continue your trip, tap the notification on your phone to get directions\n"", ""selected_route_index"": 0, ""selected_route_selector"": ""div.XdKEzd"", ""selected_route_raw_text"": ""1 hr 35 min\n69.9 km"", ""parsed_distance_text"": ""69.9 km"", ""parsed_duration_text"": ""1 hr 35 min"", ""parsed_distance_km"": 69.9, ""all_distance_texts"": [""69.9 km""], ""screenshot_path"": null, ""status_check"": ""OK""}]"
4377,4379,24832000,PGD Phong Châu,105.292801,21.339281,25030000,PGD Sông Đà,105.3393964,20.8303057,57.5901464748674,Phú Thọ,44,77,"1 hr 32 min
69.7 km",69.7,1 hr 32 min,part/output_part_44/ket_qua_tu_0_den_99.xlsx,original_output,ok,105.285056,21.345738,105.3393964,20.8303057,updated point 1 PGD Phong Chau 24832000,PHONG_CHAU_24832000,1,OK,68.4 km,68.4,1 hr 32 min,"1 hr 32 min
68.4 km",,"[{""attempt"": 1, ""origin_input"": ""21.339281,105.292801"", ""destination_input"": ""20.8303057,105.3393964"", ""google_maps_url"": ""https://www.google.com/maps/dir/21.339281,105.292801/20.8303057,105.3393964/data=!4m2!4m1!3e0"", ""crawl_timestamp"": ""2026-05-11T14:24:20"", ""current_url_after_load"": ""https://www.google.com/maps/dir/21.339281,105.292801/20.8303057,105.3393964/data=!4m2!4m1!3e0"", ""page_title"": ""CÔNG TY TNHH XD VÀ PCCC DẦU KHÍ THĂNG LONG, Âu Cơ, Lâm Thao, Phú Thọ 35257, Vietnam to ATM Vietinbank - Phòng Giao Dịch Sông Đà, Đường Lê Thánh Tông, Hòa Bình, Phú Thọ, Vietnam - Google Maps"", ""route_panel_raw_text"": ""\nLeave now\n\nOptions\n\nSend directions to your phone\n\nCopy link\n\n1 hr 32 min\n68.4 km\nvia ĐT317\nFastest route now due to traffic conditions\nDetails\nPreview\n\n1 hr 33 min\n68.6 km\nvia QL32 and ĐT317\nExplore nearby ATM Vietinbank - Phòng Giao Dịch Sông Đà\n\nRestaurants\n\nHotels\n\nGas stations\n\nParking Lots\n\nMore\n\nNew! Continue your trip, tap the notification on your phone to get directions\n"", ""selected_route_index"": 0, ""selected_route_selector"": ""div.XdKEzd"", ""selected_route_raw_text"": ""1 hr 32 min\n68.4 km"", ""parsed_distance_text"": ""68.4 km"", ""parsed_duration_text"": ""1 hr 32 min"", ""parsed_distance_km"": 68.4, ""all_distance_texts"": [""68.4 km""], ""screenshot_path"": null, ""status_check"": ""OK""}]"
4378,4380,24832000,PGD Phong Châu,105.292801,21.339281,25032000,PGD Hữu Nghị,105.3349786,20.8366286,56.84688936894521,Phú Thọ,44,78,"1 hr 30 min
68.8 km",68.8,1 hr 30 min,part/output_part_44/ket_qua_tu_0_den_99.xlsx,original_output,ok,105.285056,21.345738,105.3349786,20.8366286,updated point 1 PGD Phong Chau 24832000,PHONG_CHAU_24832000,1,OK,67.5 km,67.5,1 hr 30 min,"1 hr 30 min
67.5 km",,"[{""attempt"": 1, ""origin_input"": ""21.339281,105.292801"", ""destination_input"": ""20.8366286,105.3349786"", ""google_maps_url"": ""https://www.google.com/maps/dir/21.339281,105.292801/20.8366286,105.3349786/data=!4m2!4m1!3e0"", ""crawl_timestamp"": ""2026-05-11T14:24:23"", ""current_url_after_load"": ""https://www.google.com/maps/dir/21.339281,105.292801/20.8366286,105.3349786/data=!4m2!4m1!3e0"", ""page_title"": ""CÔNG TY TNHH XD VÀ PCCC DẦU KHÍ THĂNG LONG, Âu Cơ, Lâm Thao, Phú Thọ 35257, Vietnam to SÁU PHÚC CHUYÊN SỬA ĐỒ ĐIỆN TỬ, 366 Hoàng Văn Thụ, Hòa Bình, Phú Thọ 70000, Vietnam - Google Maps"", ""route_panel_raw_text"": ""\nLeave now\n\nOptions\n\nSend directions to your phone\n\nCopy link\n\n1 hr 30 min\n67.5 km\nvia ĐT317\nFastest route now due to traffic conditions\nDetails\nPreview\n\n1 hr 30 min\n67.7 km\nvia QL32 and ĐT317\nExplore nearby SÁU PHÚC CHUYÊN SỬA ĐỒ ĐIỆN TỬ\n\nRestaurants\n\nHotels\n\nGas stations\n\nParking Lots\n\nMore\n\nNew! Continue your trip, tap the notification on your phone to get directions\n"", ""selected_route_index"": 0, ""selected_route_selector"": ""div.XdKEzd"", ""selected_route_raw_text"": ""1 hr 30 min\n67.5 km"", ""parsed_distance_text"": ""67.5 km"", ""parsed_duration_text"": ""1 hr 30 min"", ""parsed_distance_km"": 67.5, ""all_distance_texts"": [""67.5 km""], ""screenshot_path"": null, ""status_check"": ""OK""}]"
4379,4381,24832000,PGD Phong Châu,105.292801,21.339281,25033000,PGD Kỳ Sơn,105.3513052,20.8868222,51.48980632824614,Phú Thọ,44,79,"1 hr 36 min
73.6 km",73.6,1 hr 36 min,part/output_part_44/ket_qua_tu_0_den_99.xlsx,original_output,ok,105.285056,21.345738,105.3513052,20.8868222,updated point 1 PGD Phong Chau 24832000,PHONG_CHAU_24832000,1,OK,72.3 km,72.3,1 hr 36 min,"1 hr 36 min
72.3 km",,"[{""attempt"": 1, ""origin_input"": ""21.339281,105.292801"", ""destination_input"": ""20.8868222,105.3513052"", ""google_maps_url"": ""https://www.google.com/maps/dir/21.339281,105.292801/20.8868222,105.3513052/data=!4m2!4m1!3e0"", ""crawl_timestamp"": ""2026-05-11T14:24:26"", ""current_url_after_load"": ""https://www.google.com/maps/dir/21.339281,105.292801/20.8868222,105.3513052/data=!4m2!4m1!3e0"", ""page_title"": ""CÔNG TY TNHH XD VÀ PCCC DẦU KHÍ THĂNG LONG, Âu Cơ, Lâm Thao, Phú Thọ 35257, Vietnam to 45 QL6, Kỳ Sơn, Phú Thọ, Vietnam - Google Maps"", ""route_panel_raw_text"": ""\nLeave now\n\nOptions\n\nSend directions to your phone\n\nCopy link\n\n1 hr 36 min\n72.3 km\nvia ĐT317\nFastest route now due to traffic conditions\nDetails\nPreview\n\n1 hr 37 min\n72.5 km\nvia QL32 and ĐT317\n\n1 hr 49 min\n78.8 km\nvia ĐCT Hòa Lạc - Hòa Bình\nExplore nearby 45 QL6\n\nRestaurants\n\nHotels\n\nGas stations\n\nParking Lots\n\nMore\n\nNew! Continue your trip, tap the notification on your phone to get directions\n"", ""selected_route_index"": 0, ""selected_route_selector"": ""div.XdKEzd"", ""selected_route_raw_text"": ""1 hr 36 min\n72.3 km"", ""parsed_distance_text"": ""72.3 km"", ""parsed_duration_text"": ""1 hr 36 min"", ""parsed_distance_km"": 72.3, ""all_distance_texts"": [""72.3 km""], ""screenshot_path"": null, ""status_check"": ""OK""}]"
4380,4382,24832000,PGD Phong Châu,105.292801,21.339281,25034000,PGD Lương Sơn,105.5333993,20.8722399,58.61521136467398,Phú Thọ,44,80,"2 hr
75.0 km",75.0,2 hr,part/output_part_44/ket_qua_tu_0_den_99.xlsx,original_output,ok,105.285056,21.345738,105.5333993,20.8722399,updated point 1 PGD Phong Chau 24832000,PHONG_CHAU_24832000,1,OK,74.1 km,74.1,1 hr 58 min,"1 hr 58 min
74.1 km",,"[{""attempt"": 1, ""origin_input"": ""21.339281,105.292801"", ""destination_input"": ""20.8722399,105.5333993"", ""google_maps_url"": ""https://www.google.com/maps/dir/21.339281,105.292801/20.8722399,105.5333993/data=!4m2!4m1!3e0"", ""crawl_timestamp"": ""2026-05-11T14:24:29"", ""current_url_after_load"": ""https://www.google.com/maps/dir/21.339281,105.292801/20.8722399,105.5333993/data=!4m2!4m1!3e0"", ""page_title"": ""CÔNG TY TNHH XD VÀ PCCC DẦU KHÍ THĂNG LONG, Âu Cơ, Lâm Thao, Phú Thọ 35257, Vietnam to 653 Đ. Trần Phú, Lương Sơn, Phú Thọ, Vietnam - Google Maps"", ""route_panel_raw_text"": ""\nLeave now\n\nOptions\n\nSend directions to your phone\n\nCopy link\n\n1 hr 58 min\n74.1 km\nvia Hồ Chí Minh/CT02/QL21A\nBest route now due to traffic conditions\n This route has tolls.\nDetails\nPreview\n\n1 hr 57 min\n80.9 km\nvia Tôn Đức Thắng and Hồ Chí Minh/CT02/QL21A\n\n1 hr 59 min\n74.3 km\nvia QL32 and Hồ Chí Minh/CT02/QL21A\nExplore nearby 653 Đ. Trần Phú\n\nRestaurants\n\nHotels\n\nGas stations\n\nParking Lots\n\nMore\n\nNew! Continue your trip, tap the notification on your phone to get directions\n"", ""selected_route_index"": 0, ""selected_route_selector"": ""div.XdKEzd"", ""selected_route_raw_text"": ""1 hr 58 min\n74.1 km"", ""parsed_distance_text"": ""74.1 km"", ""parsed_duration_text"": ""1 hr 58 min"", ""parsed_distance_km"": 74.1, ""all_distance_texts"": [""74.1 km""], ""screenshot_path"": null, ""status_check"": ""OK""}]"
4381,4383,24832000,PGD Phong Châu,105.292801,21.339281,26000000,CN Phúc Yên,105.7056066,21.2356891,45.25728593795193,Phú Thọ,44,81,"1 hr 4 min
57.1 km",57.1,1 hr 4 min,part/output_part_44/ket_qua_tu_0_den_99.xlsx,original_output,ok,105.285056,21.345738,105.7056066,21.2356891,updated point 1 PGD Phong Chau 24832000,PHONG_CHAU_24832000,1,OK,56.2 km,56.2,1 hr 1 min,"1 hr 1 min
56.2 km",,"[{""attempt"": 1, ""origin_input"": ""21.339281,105.292801"", ""destination_input"": ""21.2356891,105.7056066"", ""google_maps_url"": ""https://www.google.com/maps/dir/21.339281,105.292801/21.2356891,105.7056066/data=!4m2!4m1!3e0"", ""crawl_timestamp"": ""2026-05-11T14:24:32"", ""current_url_after_load"": ""https://www.google.com/maps/dir/21.339281,105.292801/21.2356891,105.7056066/data=!4m2!4m1!3e0"", ""page_title"": ""CÔNG TY TNHH XD VÀ PCCC DẦU KHÍ THĂNG LONG, Âu Cơ, Lâm Thao, Phú Thọ 35257, Vietnam to Ngân Hàng Công Thương Việt Nam (Vietinbank), 6PP4+768, Đường Trần Hưng Đạo, Phúc Yên, Phú Thọ, Vietnam - Google Maps"", ""route_panel_raw_text"": ""\nLeave now\n\nOptions\n\nSend directions to your phone\n\nCopy link\n\n1 hr 1 min\n56.2 km\nvia Đ. Cao Tốc Nội Bài - Lào Cai/ĐCT Hà Nội - Lào Cai/CT05\nFastest route, the usual traffic\n This route has tolls.\nDetails\nPreview\n\n1 hr 18 min\n53.5 km\nvia QL2A\n\n1 hr 6 min\n61.4 km\nvia Đ. Cao Tốc Nội Bài - Lào Cai/ĐCT Hà Nội - Lào Cai/CT05 and Nguyễn Tất Thành\nExplore nearby Ngân Hàng Công Thương Việt Nam (Vietinbank)\n\nRestaurants\n\nHotels\n\nGas stations\n\nParking Lots\n\nMore\n\nNew! Continue your trip, tap the notification on your phone to get directions\n"", ""selected_route_index"": 0, ""selected_route_selector"": ""div.XdKEzd"", ""selected_route_raw_text"": ""1 hr 1 min\n56.2 km"", ""parsed_distance_text"": ""56.2 km"", ""parsed_duration_text"": ""1 hr 1 min"", ""parsed_distance_km"": 56.2, ""all_distance_texts"": [""56.2 km""], ""screenshot_path"": null, ""status_check"": ""OK""}]"
4382,4384,24832000,PGD Phong Châu,105.292801,21.339281,26030000,PGD Xuân Hoà,105.7260304,21.2747263,46.35892910722867,Phú Thọ,44,82,"1 hr 3 min
59.4 km",59.4,1 hr 3 min,part/output_part_44/ket_qua_tu_0_den_99.xlsx,original_output,ok,105.285056,21.345738,105.7260304,21.2747263,updated point 1 PGD Phong Chau 24832000,PHONG_CHAU_24832000,1,OK,58.5 km,58.5,1 hr,"1 hr
58.5 km",,"[{""attempt"": 1, ""origin_input"": ""21.339281,105.292801"", ""destination_input"": ""21.2747263,105.7260304"", ""google_maps_url"": ""https://www.google.com/maps/dir/21.339281,105.292801/21.2747263,105.7260304/data=!4m2!4m1!3e0"", ""crawl_timestamp"": ""2026-05-11T14:24:35"", ""current_url_after_load"": ""https://www.google.com/maps/dir/21.339281,105.292801/21.2747263,105.7260304/data=!4m2!4m1!3e0"", ""page_title"": ""CÔNG TY TNHH XD VÀ PCCC DẦU KHÍ THĂNG LONG, Âu Cơ, Lâm Thao, Phú Thọ 35257, Vietnam to 35 Trường Chinh, Xuân Hòa, Phú Thọ, Vietnam - Google Maps"", ""route_panel_raw_text"": ""\nLeave now\n\nOptions\n\nSend directions to your phone\n\nCopy link\n\n1 hr\n58.5 km\nvia Đ. Cao Tốc Nội Bài - Lào Cai/ĐCT Hà Nội - Lào Cai/CT05\nFastest route now due to traffic conditions\n This route has tolls.\nDetails\nPreview\n\n1 hr 7 min\n65.2 km\nvia QL32C and Đ. Cao Tốc Nội Bài - Lào Cai/ĐCT Hà Nội - Lào Cai/CT05\n\n1 hr 11 min\n70.5 km\nvia Đ. Cao Tốc Nội Bài - Lào Cai/ĐCT Hà Nội - Lào Cai/CT05 and QL2A\nExplore nearby 35 Trường Chinh\n\nRestaurants\n\nHotels\n\nGas stations\n\nParking Lots\n\nMore\n\nNew! Continue your trip, tap the notification on your phone to get directions\n"", ""selected_route_index"": 0, ""selected_route_selector"": ""div.XdKEzd"", ""selected_route_raw_text"": ""1 hr\n58.5 km"", ""parsed_distance_text"": ""58.5 km"", ""parsed_duration_text"": ""1 hr"", ""parsed_distance_km"": 58.5, ""all_distance_texts"": [""58.5 km""], ""screenshot_path"": null, ""status_check"": ""OK""}]"
4383,4385,24832000,PGD Phong Châu,105.292801,21.339281,26031000,PGD Honda VN,105.72113,21.2360304,46.7977581252069,Phú Thọ,44,83,"1 hr 9 min
62.9 km",62.9,1 hr 9 min,part/output_part_44/ket_qua_tu_0_den_99.xlsx,original_output,ok,105.285056,21.345738,105.72113,21.2360304,updated point 1 PGD Phong Chau 24832000,PHONG_CHAU_24832000,1,OK,62.0 km,62.0,1 hr 5 min,"1 hr 5 min
62.0 km",,"[{""attempt"": 1, ""origin_input"": ""21.339281,105.292801"", ""destination_input"": ""21.2360304,105.72113"", ""google_maps_url"": ""https://www.google.com/maps/dir/21.339281,105.292801/21.2360304,105.72113/data=!4m2!4m1!3e0"", ""crawl_timestamp"": ""2026-05-11T14:24:38"", ""current_url_after_load"": ""https://www.google.com/maps/dir/21.339281,105.292801/21.2360304,105.72113/data=!4m2!4m1!3e0"", ""page_title"": ""CÔNG TY TNHH XD VÀ PCCC DẦU KHÍ THĂNG LONG, Âu Cơ, Lâm Thao, Phú Thọ 35257, Vietnam to Vietinbank - Atm, 6PPC+CF2, Đ. Hai Bà Trưng, Phúc Yên, Phú Thọ, Vietnam - Google Maps"", ""route_panel_raw_text"": ""\nLeave now\n\nOptions\n\nSend directions to your phone\n\nCopy link\n\n1 hr 5 min\n62.0 km\nvia Đ. Cao Tốc Nội Bài - Lào Cai/ĐCT Hà Nội - Lào Cai/CT05\nFastest route now due to traffic conditions\n This route has tolls.\nDetails\nPreview\n\n1 hr 24 min\n56.0 km\nvia QL2A\n\n1 hr 8 min\n67.8 km\nvia Đ. Cao Tốc Nội Bài - Lào Cai/ĐCT Hà Nội - Lào Cai/CT05 and QL2A\nExplore nearby Vietinbank - Atm\n\nRestaurants\n\nHotels\n\nGas stations\n\nParking Lots\n\nMore\n\nNew! Continue your trip, tap the notification on your phone to get directions\n"", ""selected_route_index"": 0, ""selected_route_selector"": ""div.XdKEzd"", ""selected_route_raw_text"": ""1 hr 5 min\n62.0 km"", ""parsed_distance_text"": ""62.0 km"", ""parsed_duration_text"": ""1 hr 5 min"", ""parsed_distance_km"": 62.0, ""all_distance_texts"": [""62.0 km""], ""screenshot_path"": null, ""status_check"": ""OK""}]"
4384,4386,24832000,PGD Phong Châu,105.292801,21.339281,26032000,PGD Lập Thạch,105.4642271,21.4151575,20.09367493260217,Phú Thọ,44,84,"42 min
30.0 km",30.0,42 min,part/output_part_44/ket_qua_tu_0_den_99.xlsx,original_output,ok,105.285056,21.345738,105.4642271,21.4151575,updated point 1 PGD Phong Chau 24832000,PHONG_CHAU_24832000,1,OK,29.0 km,29.0,39 min,"39 min
29.0 km",,"[{""attempt"": 1, ""origin_input"": ""21.339281,105.292801"", ""destination_input"": ""21.4151575,105.4642271"", ""google_maps_url"": ""https://www.google.com/maps/dir/21.339281,105.292801/21.4151575,105.4642271/data=!4m2!4m1!3e0"", ""crawl_timestamp"": ""2026-05-11T14:24:41"", ""current_url_after_load"": ""https://www.google.com/maps/dir/21.339281,105.292801/21.4151575,105.4642271/data=!4m2!4m1!3e0"", ""page_title"": ""CÔNG TY TNHH XD VÀ PCCC DẦU KHÍ THĂNG LONG, Âu Cơ, Lâm Thao, Phú Thọ 35257, Vietnam to Ngân Hàng Tmcp Công Thương Việt Nam (Vietinbank), CF87+3M5, ĐT307, Lập Thạch, Phú Thọ, Vietnam - Google Maps"", ""route_panel_raw_text"": ""\nLeave now\n\nOptions\n\nSend directions to your phone\n\nCopy link\n\n39 min\n29.0 km\nvia Đ. Cao Tốc Nội Bài - Lào Cai/ĐCT Hà Nội - Lào Cai/CT05\nFastest route, the usual traffic\n This route has tolls.\nDetails\nPreview\n\n43 min\n26.8 km\nvia ĐT306\n\n46 min\n35.7 km\nvia QL32C and Đ. Cao Tốc Nội Bài - Lào Cai/ĐCT Hà Nội - Lào Cai/CT05\nExplore nearby Ngân Hàng Tmcp Công Thương Việt Nam (Vietinbank)\n\nRestaurants\n\nHotels\n\nGas stations\n\nParking Lots\n\nMore\n\nNew! Continue your trip, tap the notification on your phone to get directions\n"", ""selected_route_index"": 0, ""selected_route_selector"": ""div.XdKEzd"", ""selected_route_raw_text"": ""39 min\n29.0 km"", ""parsed_distance_text"": ""29.0 km"", ""parsed_duration_text"": ""39 min"", ""parsed_distance_km"": 29.0, ""all_distance_texts"": [""29.0 km""], ""screenshot_path"": null, ""status_check"": ""OK""}]"
4385,4387,24832000,PGD Phong Châu,105.292801,21.339281,26033000,PGD Lạc Hồng,105.5743859,21.2375558,32.29972946818135,Phú Thọ,44,85,"1 hr
40.0 km",40.0,1 hr,part/output_part_44/ket_qua_tu_0_den_99.xlsx,original_output,ok,105.285056,21.345738,105.5743859,21.2375558,updated point 1 PGD Phong Chau 24832000,PHONG_CHAU_24832000,1,OK,39.4 km,39.4,57 min,"57 min
39.4 km",,"[{""attempt"": 1, ""origin_input"": ""21.339281,105.292801"", ""destination_input"": ""21.2375558,105.5743859"", ""google_maps_url"": ""https://www.google.com/maps/dir/21.339281,105.292801/21.2375558,105.5743859/data=!4m2!4m1!3e0"", ""crawl_timestamp"": ""2026-05-11T14:24:44"", ""current_url_after_load"": ""https://www.google.com/maps/dir/21.339281,105.292801/21.2375558,105.5743859/data=!4m2!4m1!3e0"", ""page_title"": ""CÔNG TY TNHH XD VÀ PCCC DẦU KHÍ THĂNG LONG, Âu Cơ, Lâm Thao, Phú Thọ 35257, Vietnam to 6HPF+VGG, 35 Đường 303, Yên Lạc, Phú Thọ, Vietnam - Google Maps"", ""route_panel_raw_text"": ""\nLeave now\n\nOptions\n\nSend directions to your phone\n\nCopy link\n\n57 min\n39.4 km\nvia Tôn Đức Thắng\nFastest route, the usual traffic\nDetails\nPreview\n\n1 hr 1 min\n45.5 km\nvia Đ. Cao Tốc Nội Bài - Lào Cai/ĐCT Hà Nội - Lào Cai/CT05\nExplore nearby 6HPF+VGG\n\nRestaurants\n\nHotels\n\nGas stations\n\nParking Lots\n\nMore\n\nNew! Continue your trip, tap the notification on your phone to get directions\n"", ""selected_route_index"": 0, ""selected_route_selector"": ""div.XdKEzd"", ""selected_route_raw_text"": ""57 min\n39.4 km"", ""parsed_distance_text"": ""39.4 km"", ""parsed_duration_text"": ""57 min"", ""parsed_distance_km"": 39.4, ""all_distance_texts"": [""39.4 km""], ""screenshot_path"": null, ""status_check"": ""OK""}]"
4386,4388,24832000,PGD Phong Châu,105.292801,21.339281,26034000,PGD Bắc Vĩnh Tường,105.497737,21.2778194,23.29032599347935,Phú Thọ,44,86,"44 min
28.9 km",28.9,44 min,part/output_part_44/ket_qua_tu_0_den_99.xlsx,original_output,ok,105.285056,21.345738,105.497737,21.2778194,updated point 1 PGD Phong Chau 24832000,PHONG_CHAU_24832000,1,OK,28.3 km,28.3,41 min,"41 min
28.3 km",,"[{""attempt"": 1, ""origin_input"": ""21.339281,105.292801"", ""destination_input"": ""21.2778194,105.497737"", ""google_maps_url"": ""https://www.google.com/maps/dir/21.339281,105.292801/21.2778194,105.497737/data=!4m2!4m1!3e0"", ""crawl_timestamp"": ""2026-05-11T14:24:47"", ""current_url_after_load"": ""https://www.google.com/maps/dir/21.339281,105.292801/21.2778194,105.497737/data=!4m2!4m1!3e0"", ""page_title"": ""CÔNG TY TNHH XD VÀ PCCC DẦU KHÍ THĂNG LONG, Âu Cơ, Lâm Thao, Phú Thọ 35257, Vietnam to Vietinbank, Vĩnh Hưng, Phú Thọ, Vietnam - Google Maps"", ""route_panel_raw_text"": ""\nLeave now\n\nOptions\n\nSend directions to your phone\n\nCopy link\n\n41 min\n28.3 km\nvia Tôn Đức Thắng\nFastest route, the usual traffic\nDetails\nPreview\n\n45 min\n27.3 km\nvia Đ. Nguyễn Tất Thành\n\n45 min\n34.4 km\nvia Đ. Cao Tốc Nội Bài - Lào Cai/ĐCT Hà Nội - Lào Cai/CT05 and ĐT305C\nExplore nearby Vietinbank\n\nRestaurants\n\nHotels\n\nGas stations\n\nParking Lots\n\nMore\n\nNew! Continue your trip, tap the notification on your phone to get directions\n"", ""selected_route_index"": 0, ""selected_route_selector"": ""div.XdKEzd"", ""selected_route_raw_text"": ""41 min\n28.3 km"", ""parsed_distance_text"": ""28.3 km"", ""parsed_duration_text"": ""41 min"", ""parsed_distance_km"": 28.3, ""all_distance_texts"": [""28.3 km""], ""screenshot_path"": null, ""status_check"": ""OK""}]"
4387,4389,24832000,PGD Phong Châu,105.292801,21.339281,26200000,CN Bình Xuyên,105.6661217,21.2553437,40.73753711415267,Phú Thọ,44,87,"54 min
51.8 km",51.8,54 min,part/output_part_44/ket_qua_tu_0_den_99.xlsx,original_output,ok,105.285056,21.345738,105.6661217,21.2553437,updated point 1 PGD Phong Chau 24832000,PHONG_CHAU_24832000,1,OK,50.9 km,50.9,51 min,"51 min
50.9 km",,"[{""attempt"": 1, ""origin_input"": ""21.339281,105.292801"", ""destination_input"": ""21.2553437,105.6661217"", ""google_maps_url"": ""https://www.google.com/maps/dir/21.339281,105.292801/21.2553437,105.6661217/data=!4m2!4m1!3e0"", ""crawl_timestamp"": ""2026-05-11T14:24:50"", ""current_url_after_load"": ""https://www.google.com/maps/dir/21.339281,105.292801/21.2553437,105.6661217/data=!4m2!4m1!3e0"", ""page_title"": ""CÔNG TY TNHH XD VÀ PCCC DẦU KHÍ THĂNG LONG, Âu Cơ, Lâm Thao, Phú Thọ 35257, Vietnam to ATM Vietinbank, 7M48+6FW, Khu Công Nghiệp, Bình Nguyên, Phú Thọ, Vietnam - Google Maps"", ""route_panel_raw_text"": ""\nLeave now\n\nOptions\n\nSend directions to your phone\n\nCopy link\n\n51 min\n50.9 km\nvia Đ. Cao Tốc Nội Bài - Lào Cai/ĐCT Hà Nội - Lào Cai/CT05\nFastest route, the usual traffic\n This route has tolls.\nDetails\nPreview\n\n1 hr 7 min\n47.6 km\nvia QL2A\n\n59 min\n57.6 km\nvia QL32C and Đ. Cao Tốc Nội Bài - Lào Cai/ĐCT Hà Nội - Lào Cai/CT05\nExplore nearby ATM Vietinbank\n\nRestaurants\n\nHotels\n\nGas stations\n\nParking Lots\n\nMore\n\nNew! Continue your trip, tap the notification on your phone to get directions\n"", ""selected_route_index"": 0, ""selected_route_selector"": ""div.XdKEzd"", ""selected_route_raw_text"": ""51 min\n50.9 km"", ""parsed_distance_text"": ""50.9 km"", ""parsed_duration_text"": ""51 min"", ""parsed_distance_km"": 50.9, ""all_distance_texts"": [""50.9 km""], ""screenshot_path"": null, ""status_check"": ""OK""}]"
4388,4390,24832000,PGD Phong Châu,105.292801,21.339281,26230000,PGD Hương Canh,105.6461552,21.2773678,38.17146679114546,Phú Thọ,44,88,"56 min
52.5 km",52.5,56 min,part/output_part_44/ket_qua_tu_0_den_99.xlsx,original_output,ok,105.285056,21.345738,105.6461552,21.2773678,updated point 1 PGD Phong Chau 24832000,PHONG_CHAU_24832000,1,OK,51.5 km,51.5,53 min,"53 min
51.5 km",,"[{""attempt"": 1, ""origin_input"": ""21.339281,105.292801"", ""destination_input"": ""21.2773678,105.6461552"", ""google_maps_url"": ""https://www.google.com/maps/dir/21.339281,105.292801/21.2773678,105.6461552/data=!4m2!4m1!3e0"", ""crawl_timestamp"": ""2026-05-11T14:24:53"", ""current_url_after_load"": ""https://www.google.com/maps/dir/21.339281,105.292801/21.2773678,105.6461552/data=!4m2!4m1!3e0"", ""page_title"": ""CÔNG TY TNHH XD VÀ PCCC DẦU KHÍ THĂNG LONG, Âu Cơ, Lâm Thao, Phú Thọ 35257, Vietnam to THỤ HẰNG HẢI SẢN, 7JHW+3J5, ĐT305B, Bình Nguyên, Phú Thọ, Vietnam - Google Maps"", ""route_panel_raw_text"": ""\nLeave now\n\nOptions\n\nSend directions to your phone\n\nCopy link\n\n53 min\n51.5 km\nvia Đ. Cao Tốc Nội Bài - Lào Cai/ĐCT Hà Nội - Lào Cai/CT05\nFastest route, the usual traffic\n This route has tolls.\nDetails\nPreview\n\n1 hr 4 min\n44.5 km\nvia QL2\n\n58 min\n48.8 km\nvia Đ. Cao Tốc Nội Bài - Lào Cai/ĐCT Hà Nội - Lào Cai/CT05 and Đ. Nguyễn Tất Thành\nExplore nearby THỤ HẰNG HẢI SẢN\n\nRestaurants\n\nHotels\n\nGas stations\n\nParking Lots\n\nMore\n\nNew! Continue your trip, tap the notification on your phone to get directions\n"", ""selected_route_index"": 0, ""selected_route_selector"": ""div.XdKEzd"", ""selected_route_raw_text"": ""53 min\n51.5 km"", ""parsed_distance_text"": ""51.5 km"", ""parsed_duration_text"": ""53 min"", ""parsed_distance_km"": 51.5, ""all_distance_texts"": [""51.5 km""], ""screenshot_path"": null, ""status_check"": ""OK""}]"
4389,4391,24832000,PGD Phong Châu,105.292801,21.339281,26231000,PGD Yên Lạc,105.5778576,21.2342407,32.77180326212262,Phú Thọ,44,89,"1 hr
40.7 km",40.7,1 hr,part/output_part_44/ket_qua_tu_0_den_99.xlsx,original_output,ok,105.285056,21.345738,105.5778576,21.2342407,updated point 1 PGD Phong Chau 24832000,PHONG_CHAU_24832000,1,OK,39.8 km,39.8,58 min,"58 min
39.8 km",,"[{""attempt"": 1, ""origin_input"": ""21.339281,105.292801"", ""destination_input"": ""21.2342407,105.5778576"", ""google_maps_url"": ""https://www.google.com/maps/dir/21.339281,105.292801/21.2342407,105.5778576/data=!4m2!4m1!3e0"", ""crawl_timestamp"": ""2026-05-11T14:24:56"", ""current_url_after_load"": ""https://www.google.com/maps/dir/21.339281,105.292801/21.2342407,105.5778576/data=!4m2!4m1!3e0"", ""page_title"": ""CÔNG TY TNHH XD VÀ PCCC DẦU KHÍ THĂNG LONG, Âu Cơ, Lâm Thao, Phú Thọ 35257, Vietnam to 208 ĐT303, Yên Lạc, Phú Thọ, Vietnam - Google Maps"", ""route_panel_raw_text"": ""\nLeave now\n\nOptions\n\nSend directions to your phone\n\nCopy link\n\n58 min\n39.8 km\nvia Tôn Đức Thắng\nFastest route, the usual traffic\nDetails\nPreview\n\n1 hr 5 min\n60.5 km\nvia Đ. Cao Tốc Nội Bài - Lào Cai/ĐCT Hà Nội - Lào Cai/CT05\nExplore nearby 208 ĐT303\n\nRestaurants\n\nHotels\n\nGas stations\n\nParking Lots\n\nMore\n\nNew! Continue your trip, tap the notification on your phone to get directions\n"", ""selected_route_index"": 0, ""selected_route_selector"": ""div.XdKEzd"", ""selected_route_raw_text"": ""58 min\n39.8 km"", ""parsed_distance_text"": ""39.8 km"", ""parsed_duration_text"": ""58 min"", ""parsed_distance_km"": 39.8, ""all_distance_texts"": [""39.8 km""], ""screenshot_path"": null, ""status_check"": ""OK""}]"
4390,4392,24832000,PGD Phong Châu,105.292801,21.339281,26232000,PGD Vĩnh Lạc,105.5095714,21.219956,27.14325337258434,Phú Thọ,44,90,"51 min
35.4 km",35.4,51 min,part/output_part_44/ket_qua_tu_0_den_99.xlsx,original_output,ok,105.285056,21.345738,105.5095714,21.219956,updated point 1 PGD Phong Chau 24832000,PHONG_CHAU_24832000,1,OK,34.8 km,34.8,47 min,"47 min
34.8 km",,"[{""attempt"": 1, ""origin_input"": ""21.339281,105.292801"", ""destination_input"": ""21.219956,105.5095714"", ""google_maps_url"": ""https://www.google.com/maps/dir/21.339281,105.292801/21.219956,105.5095714/data=!4m2!4m1!3e0"", ""crawl_timestamp"": ""2026-05-11T14:24:59"", ""current_url_after_load"": ""https://www.google.com/maps/dir/21.339281,105.292801/21.219956,105.5095714/data=!4m2!4m1!3e0"", ""page_title"": ""CÔNG TY TNHH XD VÀ PCCC DẦU KHÍ THĂNG LONG, Âu Cơ, Lâm Thao, Phú Thọ 35257, Vietnam to Đường Lê Xoay/01 QL2C, Vĩnh Tường, Phú Thọ, Vietnam - Google Maps"", ""route_panel_raw_text"": ""\nLeave now\n\nOptions\n\nSend directions to your phone\n\nCopy link\n\n47 min\n34.8 km\nvia Tôn Đức Thắng\nFastest route, the usual traffic\nDetails\nPreview\n\n55 min\n42.1 km\nvia Đ. Cao Tốc Nội Bài - Lào Cai/ĐCT Hà Nội - Lào Cai/CT05\nExplore nearby Đường Lê Xoay/01 QL2C\n\nRestaurants\n\nHotels\n\nGas stations\n\nParking Lots\n\nMore\n\nNew! Continue your trip, tap the notification on your phone to get directions\n"", ""selected_route_index"": 0, ""selected_route_selector"": ""div.XdKEzd"", ""selected_route_raw_text"": ""47 min\n34.8 km"", ""parsed_distance_text"": ""34.8 km"", ""parsed_duration_text"": ""47 min"", ""parsed_distance_km"": 34.8, ""all_distance_texts"": [""34.8 km""], ""screenshot_path"": null, ""status_check"": ""OK""}]"
4391,4393,24832000,PGD Phong Châu,105.292801,21.339281,26233000,PGD Gia Khánh,105.6306002,21.3548149,35.80016186655816,Phú Thọ,44,91,"47 min
41.3 km",41.3,47 min,part/output_part_44/ket_qua_tu_0_den_99.xlsx,original_output,ok,105.285056,21.345738,105.6306002,21.3548149,updated point 1 PGD Phong Chau 24832000,PHONG_CHAU_24832000,1,OK,40.4 km,40.4,44 min,"44 min
40.4 km",,"[{""attempt"": 1, ""origin_input"": ""21.339281,105.292801"", ""destination_input"": ""21.3548149,105.6306002"", ""google_maps_url"": ""https://www.google.com/maps/dir/21.339281,105.292801/21.3548149,105.6306002/data=!4m2!4m1!3e0"", ""crawl_timestamp"": ""2026-05-11T14:25:02"", ""current_url_after_load"": ""https://www.google.com/maps/dir/21.339281,105.292801/21.3548149,105.6306002/data=!4m2!4m1!3e0"", ""page_title"": ""CÔNG TY TNHH XD VÀ PCCC DẦU KHÍ THĂNG LONG, Âu Cơ, Lâm Thao, Phú Thọ 35257, Vietnam to garden book, chợ vồ, Bình Xuyên, Phú Thọ, Vietnam - Google Maps"", ""route_panel_raw_text"": ""\nLeave now\n\nOptions\n\nSend directions to your phone\n\nCopy link\n\n44 min\n40.4 km\nvia Đ. Cao Tốc Nội Bài - Lào Cai/ĐCT Hà Nội - Lào Cai/CT05\nFastest route, the usual traffic\n This route has tolls.\nDetails\nPreview\n\n49 min\n43.0 km\nvia Đ. Trường Chinh and Đ. Cao Tốc Nội Bài - Lào Cai/ĐCT Hà Nội - Lào Cai/CT05\n\n52 min\n47.0 km\nvia QL32C and Đ. Cao Tốc Nội Bài - Lào Cai/ĐCT Hà Nội - Lào Cai/CT05\nExplore nearby garden book\n\nRestaurants\n\nHotels\n\nGas stations\n\nParking Lots\n\nMore\n\nNew! Continue your trip, tap the notification on your phone to get directions\n"", ""selected_route_index"": 0, ""selected_route_selector"": ""div.XdKEzd"", ""selected_route_raw_text"": ""44 min\n40.4 km"", ""parsed_distance_text"": ""40.4 km"", ""parsed_duration_text"": ""44 min"", ""parsed_distance_km"": 40.4, ""all_distance_texts"": [""40.4 km""], ""screenshot_path"": null, ""status_check"": ""OK""}]"
4392,4394,24832000,PGD Phong Châu,105.292801,21.339281,26234000,PGD Liên Bảo,105.6045759,21.3139211,33.28392784201783,Phú Thọ,44,92,"51 min
43.4 km",43.4,51 min,part/output_part_44/ket_qua_tu_0_den_99.xlsx,original_output,ok,105.285056,21.345738,105.6045759,21.3139211,updated point 1 PGD Phong Chau 24832000,PHONG_CHAU_24832000,1,OK,42.4 km,42.4,49 min,"49 min
42.4 km",,"[{""attempt"": 1, ""origin_input"": ""21.339281,105.292801"", ""destination_input"": ""21.3139211,105.6045759"", ""google_maps_url"": ""https://www.google.com/maps/dir/21.339281,105.292801/21.3139211,105.6045759/data=!4m2!4m1!3e0"", ""crawl_timestamp"": ""2026-05-11T14:25:05"", ""current_url_after_load"": ""https://www.google.com/maps/dir/21.339281,105.292801/21.3139211,105.6045759/data=!4m2!4m1!3e0"", ""page_title"": ""CÔNG TY TNHH XD VÀ PCCC DẦU KHÍ THĂNG LONG, Âu Cơ, Lâm Thao, Phú Thọ 35257, Vietnam to 4 Nguyễn Trãi, Vĩnh Phúc, Phú Thọ, Vietnam - Google Maps"", ""route_panel_raw_text"": ""\nLeave now\n\nOptions\n\nSend directions to your phone\n\nCopy link\n\n49 min\n42.4 km\nvia Đ. Cao Tốc Nội Bài - Lào Cai/ĐCT Hà Nội - Lào Cai/CT05\nBest route now due to traffic conditions\n This route has tolls.\nDetails\nPreview\n\n1 hr 4 min\n40.8 km\nvia QL2\n\n49 min\n42.2 km\nvia Đ. Trường Chinh and Đ. Cao Tốc Nội Bài - Lào Cai/ĐCT Hà Nội - Lào Cai/CT05\nExplore nearby 4 Nguyễn Trãi\n\nRestaurants\n\nHotels\n\nGas stations\n\nParking Lots\n\nMore\n\nNew! Continue your trip, tap the notification on your phone to get directions\n"", ""selected_route_index"": 0, ""selected_route_selector"": ""div.XdKEzd"", ""selected_route_raw_text"": ""49 min\n42.4 km"", ""parsed_distance_text"": ""42.4 km"", ""parsed_duration_text"": ""49 min"", ""parsed_distance_km"": 42.4, ""all_distance_texts"": [""42.4 km""], ""screenshot_path"": null, ""status_check"": ""OK""}]"
4393,4395,24832000,PGD Phong Châu,105.292801,21.339281,26235000,PGD Trưng Trắc,105.7103854,21.2315475,45.86011535518963,Phú Thọ,44,93,"1 hr 5 min
57.4 km",57.4,1 hr 5 min,part/output_part_44/ket_qua_tu_0_den_99.xlsx,original_output,ok,105.285056,21.345738,105.7103854,21.2315475,updated point 1 PGD Phong Chau 24832000,PHONG_CHAU_24832000,1,OK,56.4 km,56.4,1 hr 2 min,"1 hr 2 min
56.4 km",,"[{""attempt"": 1, ""origin_input"": ""21.339281,105.292801"", ""destination_input"": ""21.2315475,105.7103854"", ""google_maps_url"": ""https://www.google.com/maps/dir/21.339281,105.292801/21.2315475,105.7103854/data=!4m2!4m1!3e0"", ""crawl_timestamp"": ""2026-05-11T14:25:07"", ""current_url_after_load"": ""https://www.google.com/maps/dir/21.339281,105.292801/21.2315475,105.7103854/data=!4m2!4m1!3e0"", ""page_title"": ""CÔNG TY TNHH XD VÀ PCCC DẦU KHÍ THĂNG LONG, Âu Cơ, Lâm Thao, Phú Thọ 35257, Vietnam to Uy Thuy Co., Ltd, Phúc Yên, Phú Thọ, Vietnam - Google Maps"", ""route_panel_raw_text"": ""\nLeave now\n\nOptions\n\nSend directions to your phone\n\nCopy link\n\n1 hr 2 min\n56.4 km\nvia Đ. Cao Tốc Nội Bài - Lào Cai/ĐCT Hà Nội - Lào Cai/CT05\nFastest route, the usual traffic\n This route has tolls.\nDetails\nPreview\n\n1 hr 19 min\n53.8 km\nvia QL2A\n\n1 hr 6 min\n62.4 km\nvia Đ. Cao Tốc Nội Bài - Lào Cai/ĐCT Hà Nội - Lào Cai/CT05 and Nguyễn Tất Thành\nExplore nearby Uy Thuy Co., Ltd\n\nRestaurants\n\nHotels\n\nGas stations\n\nParking Lots\n\nMore\n\nNew! Continue your trip, tap the notification on your phone to get directions\n"", ""selected_route_index"": 0, ""selected_route_selector"": ""div.XdKEzd"", ""selected_route_raw_text"": ""1 hr 2 min\n56.4 km"", ""parsed_distance_text"": ""56.4 km"", ""parsed_duration_text"": ""1 hr 2 min"", ""parsed_distance_km"": 56.4, ""all_distance_texts"": [""56.4 km""], ""screenshot_path"": null, ""status_check"": ""OK""}]"
